fn,dim,opt,seed,lr,amp,n_p,iter_p,best_loss,final_loss,iters_to_converge,success,n_stagnation_episodes,total_stagnant_steps,longest_episode
rastrigin,2,sgd,0,0.005,,,,8.95460033416748,8.95460033416748,1000,False,0,0,0
rastrigin,2,sgd,1,0.005,,,,12.934431076049805,12.934432029724121,1000,False,0,0,0
rastrigin,2,sgd,2,0.005,,,,1.9899158477783203,1.989919662475586,1000,False,0,0,0
rastrigin,2,sgd,3,0.005,,,,40.79296112060547,40.792964935302734,1000,False,0,0,0
rastrigin,2,sgd,4,0.005,,,,1.9899158477783203,1.989919662475586,1000,False,0,0,0
rastrigin,2,sgd,5,0.005,,,,24.87384033203125,24.873844146728516,1000,False,0,0,0
rastrigin,2,sgd,6,0.005,,,,1.9899177551269531,1.9899177551269531,1000,False,0,0,0
rastrigin,2,sgd,7,0.005,,,,8.95460033416748,8.95460033416748,1000,False,0,0,0
rastrigin,2,sgd,8,0.005,,,,16.914199829101562,16.914203643798828,1000,False,0,0,0
rastrigin,2,sgd,9,0.005,,,,7.959661483764648,7.959663391113281,1000,False,0,0,0
rastrigin,2,sgd,10,0.005,,,,0.0,0.0,104,True,1,266,266
rastrigin,2,sgd,11,0.005,,,,15.919241905212402,15.919243812561035,1000,False,0,0,0
rastrigin,2,sgd,12,0.005,,,,8.95460033416748,8.95460033416748,1000,False,0,0,0
rastrigin,2,sgd,13,0.005,,,,15.919241905212402,15.919241905212402,1000,False,0,0,0
rastrigin,2,sgd,14,0.005,,,,25.86867904663086,25.868680953979492,1000,False,0,0,0
rastrigin,2,sgd,15,0.005,,,,7.959661483764648,7.959663391113281,1000,False,0,0,0
rastrigin,2,sgd,16,0.005,,,,9.94955825805664,9.949560165405273,1000,False,0,0,0
rastrigin,2,sgd,17,0.005,,,,0.9949569702148438,0.9949607849121094,1000,False,0,0,0
rastrigin,2,sgd,18,0.005,,,,0.0,0.0,107,True,1,263,263
rastrigin,2,sgd,19,0.005,,,,33.82831954956055,33.82831954956055,1000,False,0,0,0
rastrigin,2,sgd,20,0.005,,,,9.94955825805664,9.949560165405273,1000,False,0,0,0
rastrigin,2,sgd,21,0.005,,,,0.9949569702148438,0.9949607849121094,1000,False,0,0,0
rastrigin,2,sgd,22,0.005,,,,4.974788665771484,4.974790573120117,1000,False,0,0,0
rastrigin,2,sgd,23,0.005,,,,4.974788665771484,4.974790573120117,1000,False,0,0,0
rastrigin,2,sgd,24,0.005,,,,9.94955825805664,9.949560165405273,1000,False,0,0,0
rastrigin,2,sgd,25,0.005,,,,17.909198760986328,17.90920066833496,1000,False,0,0,0
rastrigin,2,sgd,26,0.005,,,,9.94955825805664,9.949560165405273,1000,False,0,0,0
rastrigin,2,sgd,27,0.005,,,,40.79296112060547,40.792964935302734,1000,False,0,0,0
rastrigin,2,sgd,28,0.005,,,,4.974788665771484,4.974789619445801,1000,False,0,0,0
rastrigin,2,sgd,29,0.005,,,,31.838483810424805,31.838485717773438,1000,False,0,0,0
rastrigin,2,adam,0,0.05,,,,8.954599380493164,8.954599380493164,1000,False,36,687,342
rastrigin,2,adam,1,0.05,,,,12.934430122375488,12.934430122375488,1000,False,33,644,436
rastrigin,2,adam,2,0.05,,,,1.9899177551269531,1.9899177551269531,1000,False,5,748,741
rastrigin,2,adam,3,0.05,,,,40.79296112060547,40.79296112060547,1000,False,156,515,16
rastrigin,2,adam,4,0.05,,,,1.9899177551269531,1.9899177551269531,1000,False,6,738,729
rastrigin,2,adam,5,0.05,,,,24.87384033203125,24.873844146728516,1000,False,96,572,30
rastrigin,2,adam,6,0.05,,,,1.9899177551269531,1.9899177551269531,1000,False,3,736,732
rastrigin,2,adam,7,0.05,,,,8.954599380493164,8.954601287841797,1000,False,97,603,239
rastrigin,2,adam,8,0.05,,,,16.914199829101562,16.914201736450195,1000,False,48,676,447
rastrigin,2,adam,9,0.05,,,,7.959661483764648,7.959661483764648,1000,False,29,714,488
rastrigin,2,adam,10,0.05,,,,0.0,0.0,59,True,4,738,731
rastrigin,2,adam,11,0.05,,,,15.919241905212402,15.919242858886719,1000,False,20,706,490
rastrigin,2,adam,12,0.05,,,,8.954599380493164,8.95460033416748,1000,False,31,681,352
rastrigin,2,adam,13,0.05,,,,15.919241905212402,15.919243812561035,1000,False,52,659,275
rastrigin,2,adam,14,0.05,,,,25.86867904663086,25.868680953979492,1000,False,43,702,207
rastrigin,2,adam,15,0.05,,,,7.959660530090332,7.959662437438965,1000,False,12,728,353
rastrigin,2,adam,16,0.05,,,,9.94955825805664,9.94955825805664,1000,False,4,733,729
rastrigin,2,adam,17,0.05,,,,0.9949588775634766,0.9949588775634766,1000,False,5,739,730
rastrigin,2,adam,18,0.05,,,,0.0,0.0,36,True,5,742,732
rastrigin,2,adam,19,0.05,,,,33.82831954956055,33.82832336425781,1000,False,138,517,26
rastrigin,2,adam,20,0.05,,,,9.94955825805664,9.949559211730957,1000,False,25,684,594
rastrigin,2,adam,21,0.05,,,,0.9949569702148438,0.9949588775634766,1000,False,4,743,739
rastrigin,2,adam,22,0.05,,,,4.974788665771484,4.974790573120117,1000,False,5,743,738
rastrigin,2,adam,23,0.05,,,,4.974788665771484,4.974789619445801,1000,False,8,739,724
rastrigin,2,adam,24,0.05,,,,9.94955825805664,9.94955825805664,1000,False,19,705,422
rastrigin,2,adam,25,0.05,,,,17.909198760986328,17.909198760986328,1000,False,96,549,31
rastrigin,2,adam,26,0.05,,,,9.94955825805664,9.94955825805664,1000,False,3,727,723
rastrigin,2,adam,27,0.05,,,,40.79296112060547,40.792964935302734,1000,False,163,389,19
rastrigin,2,adam,28,0.05,,,,4.974788665771484,4.974789619445801,1000,False,3,735,722
rastrigin,2,adam,29,0.05,,,,31.838483810424805,31.838485717773438,1000,False,104,568,26
rastrigin,2,pgd,0,0.005,2.5,,5.0,2.1242599487304688,408.0763244628906,1000,False,0,0,0
rastrigin,2,pgd,1,0.005,2.5,,5.0,1.0467033386230469,27.35906982421875,1000,False,0,0,0
rastrigin,2,pgd,2,0.005,2.5,,5.0,1.3383331298828125,179.990478515625,1000,False,0,0,0
rastrigin,2,pgd,3,0.005,2.5,,5.0,1.0411033630371094,148.78781127929688,1000,False,0,0,0
rastrigin,2,pgd,4,0.005,2.5,,5.0,1.7067489624023438,81.86955261230469,1000,False,0,0,0
rastrigin,2,pgd,5,0.005,2.5,,5.0,2.370363235473633,37.546470642089844,1000,False,0,0,0
rastrigin,2,pgd,6,0.005,2.5,,5.0,0.6369361877441406,164.01409912109375,1000,False,0,0,0
rastrigin,2,pgd,7,0.005,2.5,,5.0,1.0013771057128906,82.0994644165039,1000,False,0,0,0
rastrigin,2,pgd,8,0.005,2.5,,5.0,2.904642105102539,81.83517456054688,1000,False,0,0,0
rastrigin,2,pgd,9,0.005,2.5,,5.0,0.8830947875976562,31.99126434326172,1000,False,0,0,0
rastrigin,2,pgd,10,0.005,2.5,,5.0,0.8798713684082031,177.9498291015625,1000,False,0,0,0
rastrigin,2,pgd,11,0.005,2.5,,5.0,6.676731109619141,286.70989990234375,1000,False,0,0,0
rastrigin,2,pgd,12,0.005,2.5,,5.0,1.2400398254394531,32.243186950683594,1000,False,0,0,0
rastrigin,2,pgd,13,0.005,2.5,,5.0,3.2340774536132812,83.32344055175781,1000,False,0,0,0
rastrigin,2,pgd,14,0.005,2.5,,5.0,1.0012321472167969,113.20257568359375,1000,False,0,0,0
rastrigin,2,pgd,15,0.005,2.5,,5.0,8.00458812713623,8.00458812713623,1000,False,0,0,0
rastrigin,2,pgd,16,0.005,2.5,,5.0,1.6141204833984375,49.985267639160156,1000,False,0,0,0
rastrigin,2,pgd,17,0.005,2.5,,5.0,1.8404541015625,80.35511016845703,1000,False,0,0,0
rastrigin,2,pgd,18,0.005,2.5,,5.0,0.5846214294433594,62.133243560791016,1000,False,0,0,0
rastrigin,2,pgd,19,0.005,2.5,,5.0,1.4029541015625,101.9202880859375,1000,False,0,0,0
rastrigin,2,pgd,20,0.005,2.5,,5.0,1.4353866577148438,260.4427795410156,1000,False,0,0,0
rastrigin,2,pgd,21,0.005,2.5,,5.0,2.1952781677246094,11.679725646972656,1000,False,0,0,0
rastrigin,2,pgd,22,0.005,2.5,,5.0,1.7202873229980469,439.5592956542969,1000,False,0,0,0
rastrigin,2,pgd,23,0.005,2.5,,5.0,6.263128280639648,721.1934814453125,1000,False,0,0,0
rastrigin,2,pgd,24,0.005,2.5,,5.0,9.614398002624512,109.98206329345703,1000,False,0,0,0
rastrigin,2,pgd,25,0.005,2.5,,5.0,2.4491539001464844,762.79443359375,1000,False,0,0,0
rastrigin,2,pgd,26,0.005,2.5,,5.0,2.1242523193359375,29.18626594543457,1000,False,0,0,0
rastrigin,2,pgd,27,0.005,2.5,,5.0,1.2268753051757812,423.5374450683594,1000,False,0,0,0
rastrigin,2,pgd,28,0.005,2.5,,5.0,4.914472579956055,53.988460540771484,1000,False,0,0,0
rastrigin,2,pgd,29,0.005,2.5,,5.0,1.3054618835449219,115.66461181640625,1000,False,0,0,0
rastrigin,2,rpgd,0,0.005,2.5,10.0,5.0,0.9949569702148438,0.9949607849121094,1000,False,0,0,0
rastrigin,2,rpgd,1,0.005,2.5,10.0,5.0,0.9949569702148438,0.9949588775634766,1000,False,0,0,0
rastrigin,2,rpgd,2,0.005,2.5,10.0,5.0,1.9899158477783203,1.989919662475586,1000,False,0,0,0
rastrigin,2,rpgd,3,0.005,2.5,10.0,5.0,0.9949588775634766,0.9949588775634766,1000,False,0,0,0
rastrigin,2,rpgd,4,0.005,2.5,10.0,5.0,1.9899158477783203,1.989919662475586,1000,False,0,0,0
rastrigin,2,rpgd,5,0.005,2.5,10.0,5.0,3.9798316955566406,3.9798316955566406,1000,False,0,0,0
rastrigin,2,rpgd,6,0.005,2.5,10.0,5.0,0.0,0.0,449,True,0,0,0
rastrigin,2,rpgd,7,0.005,2.5,10.0,5.0,1.9899158477783203,1.9899177551269531,1000,False,0,0,0
rastrigin,2,rpgd,8,0.005,2.5,10.0,5.0,0.9951076507568359,0.9951076507568359,1000,False,0,0,0
rastrigin,2,rpgd,9,0.005,2.5,10.0,5.0,0.9949569702148438,0.9949588775634766,1000,False,0,0,0
rastrigin,2,rpgd,10,0.005,2.5,10.0,5.0,0.0,0.0,104,True,1,266,266
rastrigin,2,rpgd,11,0.005,2.5,10.0,5.0,0.9949607849121094,0.9949607849121094,1000,False,0,0,0
rastrigin,2,rpgd,12,0.005,2.5,10.0,5.0,1.9899177551269531,1.9899177551269531,1000,False,0,0,0
rastrigin,2,rpgd,13,0.005,2.5,10.0,5.0,0.0,0.0,688,True,0,0,0
rastrigin,2,rpgd,14,0.005,2.5,10.0,5.0,3.9798316955566406,3.9798316955566406,1000,False,0,0,0
rastrigin,2,rpgd,15,0.005,2.5,10.0,5.0,0.9949569702148438,0.9949607849121094,1000,False,0,0,0
rastrigin,2,rpgd,16,0.005,2.5,10.0,5.0,1.9899177551269531,1.9899177551269531,1000,False,0,0,0
rastrigin,2,rpgd,17,0.005,2.5,10.0,5.0,0.9949569702148438,0.9949607849121094,1000,False,0,0,0
rastrigin,2,rpgd,18,0.005,2.5,10.0,5.0,0.0,0.0,107,True,1,263,263
rastrigin,2,rpgd,19,0.005,2.5,10.0,5.0,0.9949569702148438,0.9949607849121094,1000,False,0,0,0
rastrigin,2,rpgd,20,0.005,2.5,10.0,5.0,0.0,0.0,533,True,0,0,0
rastrigin,2,rpgd,21,0.005,2.5,10.0,5.0,0.9949569702148438,0.9949607849121094,1000,False,0,0,0
rastrigin,2,rpgd,22,0.005,2.5,10.0,5.0,0.9949569702148438,0.9949588775634766,1000,False,0,0,0
rastrigin,2,rpgd,23,0.005,2.5,10.0,5.0,4.974788665771484,4.974790573120117,1000,False,0,0,0
rastrigin,2,rpgd,24,0.005,2.5,10.0,5.0,0.9949588775634766,0.9949588775634766,1000,False,0,0,0
rastrigin,2,rpgd,25,0.005,2.5,10.0,5.0,1.9899177551269531,1.9899177551269531,1000,False,0,0,0
rastrigin,2,rpgd,26,0.005,2.5,10.0,5.0,0.9949569702148438,0.9949607849121094,1000,False,0,0,0
rastrigin,2,rpgd,27,0.005,2.5,10.0,5.0,0.9950065612792969,0.9950065612792969,1000,False,0,0,0
rastrigin,2,rpgd,28,0.005,2.5,10.0,5.0,0.0,0.0,171,True,1,226,226
rastrigin,2,rpgd,29,0.005,2.5,10.0,5.0,0.9949569702148438,0.9949588775634766,1000,False,0,0,0
rastrigin,2,spgd,0,0.005,2.5,10.0,5.0,0.0,0.0,562,True,0,0,0
rastrigin,2,spgd,1,0.005,2.5,10.0,5.0,0.0,0.0,328,True,1,42,42
rastrigin,2,spgd,2,0.005,2.5,10.0,5.0,0.0,0.0,210,True,1,159,159
rastrigin,2,spgd,3,0.005,2.5,10.0,5.0,0.0,0.0,186,True,1,183,183
rastrigin,2,spgd,4,0.005,2.5,10.0,5.0,0.0,0.0,314,True,1,55,55
rastrigin,2,spgd,5,0.005,2.5,10.0,5.0,0.0,0.0,562,True,0,0,0
rastrigin,2,spgd,6,0.005,2.5,10.0,5.0,0.9949569702148438,0.9949607849121094,1000,False,0,0,0
rastrigin,2,spgd,7,0.005,2.5,10.0,5.0,0.0,0.0,454,True,0,0,0
rastrigin,2,spgd,8,0.005,2.5,10.0,5.0,0.9949569702148438,0.9949607849121094,1000,False,0,0,0
rastrigin,2,spgd,9,0.005,2.5,10.0,5.0,0.0,0.0,108,True,1,262,262
rastrigin,2,spgd,10,0.005,2.5,10.0,5.0,0.0,0.0,104,True,1,266,266
rastrigin,2,spgd,11,0.005,2.5,10.0,5.0,0.9949569702148438,0.9949607849121094,1000,False,0,0,0
rastrigin,2,spgd,12,0.005,2.5,10.0,5.0,0.00875091552734375,0.00875091552734375,996,True,0,0,0
rastrigin,2,spgd,13,0.005,2.5,10.0,5.0,0.9949569702148438,0.9949607849121094,1000,False,0,0,0
rastrigin,2,spgd,14,0.005,2.5,10.0,5.0,0.03637886047363281,0.03637886047363281,1000,False,0,0,0
rastrigin,2,spgd,15,0.005,2.5,10.0,5.0,0.9949569702148438,0.9949588775634766,1000,False,0,0,0
rastrigin,2,spgd,16,0.005,2.5,10.0,5.0,0.0,0.0,166,True,1,203,203
rastrigin,2,spgd,17,0.005,2.5,10.0,5.0,0.002849578857421875,0.002849578857421875,962,True,0,0,0
rastrigin,2,spgd,18,0.005,2.5,10.0,5.0,0.0,0.0,107,True,1,263,263
rastrigin,2,spgd,19,0.005,2.5,10.0,5.0,0.0,0.0,711,True,0,0,0
rastrigin,2,spgd,20,0.005,2.5,10.0,5.0,0.9949569702148438,0.9949588775634766,1000,False,0,0,0
rastrigin,2,spgd,21,0.005,2.5,10.0,5.0,0.9949569702148438,0.9949607849121094,1000,False,0,0,0
rastrigin,2,spgd,22,0.005,2.5,10.0,5.0,0.0,0.0,121,True,1,249,249
rastrigin,2,spgd,23,0.005,2.5,10.0,5.0,0.9949569702148438,0.9949607849121094,1000,False,0,0,0
rastrigin,2,spgd,24,0.005,2.5,10.0,5.0,0.0,0.0,364,True,1,5,5
rastrigin,2,spgd,25,0.005,2.5,10.0,5.0,0.0,0.0,410,True,0,0,0
rastrigin,2,spgd,26,0.005,2.5,10.0,5.0,0.0,0.0,702,True,0,0,0
rastrigin,2,spgd,27,0.005,2.5,10.0,5.0,0.0,0.0,175,True,1,195,195
rastrigin,2,spgd,28,0.005,2.5,10.0,5.0,0.9949588775634766,0.9949588775634766,1000,False,0,0,0
rastrigin,2,spgd,29,0.005,2.5,10.0,5.0,0.15825271606445312,0.15825271606445312,1000,False,0,0,0
rastrigin,10,sgd,0,0.005,,,,62.68207550048828,62.68207550048828,1000,False,0,0,0
rastrigin,10,sgd,1,0.005,,,,63.67702102661133,63.677024841308594,1000,False,0,0,0
rastrigin,10,sgd,2,0.005,,,,50.74254608154297,50.742557525634766,1000,False,0,0,0
rastrigin,10,sgd,3,0.005,,,,115.41439056396484,115.41439056396484,1000,False,0,0,0
rastrigin,10,sgd,4,0.005,,,,143.27284240722656,143.27285766601562,1000,False,0,0,0
rastrigin,10,sgd,5,0.005,,,,144.26803588867188,144.26805114746094,1000,False,0,0,0
rastrigin,10,sgd,6,0.005,,,,60.69214630126953,60.69215393066406,1000,False,0,0,0
rastrigin,10,sgd,7,0.005,,,,53.72758102416992,53.72758483886719,1000,False,0,0,0
rastrigin,10,sgd,8,0.005,,,,104.4698715209961,104.46987915039062,1000,False,0,0,0
rastrigin,10,sgd,9,0.005,,,,79.59622192382812,79.59622192382812,1000,False,0,0,0
rastrigin,10,sgd,10,0.005,,,,48.752685546875,48.75269317626953,1000,False,0,0,0
rastrigin,10,sgd,11,0.005,,,,88.55075073242188,88.5507583618164,1000,False,0,0,0
rastrigin,10,sgd,12,0.005,,,,44.77297592163086,44.77298355102539,1000,False,0,0,0
rastrigin,10,sgd,13,0.005,,,,134.3184051513672,134.31842041015625,1000,False,0,0,0
rastrigin,10,sgd,14,0.005,,,,99.49526977539062,99.49526977539062,1000,False,0,0,0
rastrigin,10,sgd,15,0.005,,,,45.76793670654297,45.767948150634766,1000,False,0,0,0
rastrigin,10,sgd,16,0.005,,,,92.53052520751953,92.53052520751953,1000,False,0,0,0
rastrigin,10,sgd,17,0.005,,,,77.60615539550781,77.60616302490234,1000,False,0,0,0
rastrigin,10,sgd,18,0.005,,,,45.767921447753906,45.76792526245117,1000,False,0,0,0
rastrigin,10,sgd,19,0.005,,,,145.26287841796875,145.26287841796875,1000,False,0,0,0
rastrigin,10,sgd,20,0.005,,,,97.5055160522461,97.50552368164062,1000,False,0,0,0
rastrigin,10,sgd,21,0.005,,,,66.66170501708984,66.66171264648438,1000,False,0,0,0
rastrigin,10,sgd,22,0.005,,,,93.52552032470703,93.52552795410156,1000,False,0,0,0
rastrigin,10,sgd,23,0.005,,,,84.57093811035156,84.57095336914062,1000,False,0,0,0
rastrigin,10,sgd,24,0.005,,,,79.5962142944336,79.59622192382812,1000,False,0,0,0
rastrigin,10,sgd,25,0.005,,,,69.64682006835938,69.6468276977539,1000,False,0,0,0
rastrigin,10,sgd,26,0.005,,,,98.50022888183594,98.50023651123047,1000,False,0,0,0
rastrigin,10,sgd,27,0.005,,,,96.51043701171875,96.51043701171875,1000,False,0,0,0
rastrigin,10,sgd,28,0.005,,,,104.4698715209961,104.46987915039062,1000,False,0,0,0
rastrigin,10,sgd,29,0.005,,,,85.5660171508789,85.56602478027344,1000,False,0,0,0
rastrigin,10,adam,0,0.05,,,,62.68207550048828,62.68207550048828,1000,False,28,46,4
rastrigin,10,adam,1,0.05,,,,63.67700958251953,63.67701721191406,1000,False,32,36,3
rastrigin,10,adam,2,0.05,,,,50.74254608154297,50.74254608154297,1000,False,85,456,26
rastrigin,10,adam,3,0.05,,,,115.41438293457031,115.41439056396484,1000,False,0,0,0
rastrigin,10,adam,4,0.05,,,,143.27284240722656,143.27285766601562,1000,False,0,0,0
rastrigin,10,adam,5,0.05,,,,144.26803588867188,144.26805114746094,1000,False,0,0,0
rastrigin,10,adam,6,0.05,,,,60.69214630126953,60.69214630126953,1000,False,44,68,4
rastrigin,10,adam,7,0.05,,,,53.727577209472656,53.72758483886719,1000,False,46,54,2
rastrigin,10,adam,8,0.05,,,,104.4698715209961,104.46987915039062,1000,False,21,24,2
rastrigin,10,adam,9,0.05,,,,79.59622192382812,79.59622192382812,1000,False,37,63,6
rastrigin,10,adam,10,0.05,,,,48.75267791748047,48.752689361572266,1000,False,125,197,5
rastrigin,10,adam,11,0.05,,,,88.55075073242188,88.55075073242188,1000,False,26,31,2
rastrigin,10,adam,12,0.05,,,,44.772972106933594,44.77297592163086,1000,False,65,110,5
rastrigin,10,adam,13,0.05,,,,134.31838989257812,134.31842041015625,1000,False,0,0,0
rastrigin,10,adam,14,0.05,,,,99.49526977539062,99.49526977539062,1000,False,0,0,0
rastrigin,10,adam,15,0.05,,,,45.76793670654297,45.76793670654297,1000,False,67,86,3
rastrigin,10,adam,16,0.05,,,,92.530517578125,92.53052520751953,1000,False,42,62,5
rastrigin,10,adam,17,0.05,,,,77.60615539550781,77.60615539550781,1000,False,47,63,5
rastrigin,10,adam,18,0.05,,,,45.767913818359375,45.767913818359375,1000,False,43,72,5
rastrigin,10,adam,19,0.05,,,,145.26287841796875,145.26287841796875,1000,False,0,0,0
rastrigin,10,adam,20,0.05,,,,97.5055160522461,97.5055160522461,1000,False,0,0,0
rastrigin,10,adam,21,0.05,,,,66.66170501708984,66.66171264648438,1000,False,98,147,5
rastrigin,10,adam,22,0.05,,,,93.52552032470703,93.52552795410156,1000,False,0,0,0
rastrigin,10,adam,23,0.05,,,,84.57093811035156,84.5709457397461,1000,False,60,93,3
rastrigin,10,adam,24,0.05,,,,79.5962142944336,79.5962142944336,1000,False,42,57,3
rastrigin,10,adam,25,0.05,,,,69.64682006835938,69.64682006835938,1000,False,0,0,0
rastrigin,10,adam,26,0.05,,,,98.50022888183594,98.50023651123047,1000,False,0,0,0
rastrigin,10,adam,27,0.05,,,,96.51042938232422,96.51043701171875,1000,False,0,0,0
rastrigin,10,adam,28,0.05,,,,104.4698715209961,104.46987915039062,1000,False,22,24,3
rastrigin,10,adam,29,0.05,,,,85.5660171508789,85.56602478027344,1000,False,0,0,0
rastrigin,10,pgd,0,0.005,2.5,,5.0,69.45793151855469,945.2174072265625,1000,False,0,0,0
rastrigin,10,pgd,1,0.005,2.5,,5.0,70.03182220458984,989.0584106445312,1000,False,0,0,0
rastrigin,10,pgd,2,0.005,2.5,,5.0,58.91349792480469,707.9404296875,1000,False,0,0,0
rastrigin,10,pgd,3,0.005,2.5,,5.0,122.19386291503906,1122.53759765625,1000,False,0,0,0
rastrigin,10,pgd,4,0.005,2.5,,5.0,149.58700561523438,1579.376953125,1000,False,0,0,0
rastrigin,10,pgd,5,0.005,2.5,,5.0,149.43544006347656,842.3147583007812,1000,False,0,0,0
rastrigin,10,pgd,6,0.005,2.5,,5.0,67.60379028320312,1241.3111572265625,1000,False,0,0,0
rastrigin,10,pgd,7,0.005,2.5,,5.0,60.17490005493164,695.206787109375,1000,False,0,0,0
rastrigin,10,pgd,8,0.005,2.5,,5.0,110.87874603271484,1516.033203125,1000,False,0,0,0
rastrigin,10,pgd,9,0.005,2.5,,5.0,86.47236633300781,900.6415405273438,1000,False,0,0,0
rastrigin,10,pgd,10,0.005,2.5,,5.0,54.32066345214844,1163.4188232421875,1000,False,0,0,0
rastrigin,10,pgd,11,0.005,2.5,,5.0,94.57106018066406,762.4253540039062,1000,False,0,0,0
rastrigin,10,pgd,12,0.005,2.5,,5.0,52.32090377807617,1246.7799072265625,1000,False,0,0,0
rastrigin,10,pgd,13,0.005,2.5,,5.0,138.71290588378906,983.786376953125,1000,False,0,0,0
rastrigin,10,pgd,14,0.005,2.5,,5.0,106.6576919555664,1201.1925048828125,1000,False,0,0,0
rastrigin,10,pgd,15,0.005,2.5,,5.0,52.03302001953125,353.67962646484375,1000,False,0,0,0
rastrigin,10,pgd,16,0.005,2.5,,5.0,100.86204528808594,778.6271362304688,1000,False,0,0,0
rastrigin,10,pgd,17,0.005,2.5,,5.0,93.5245361328125,1326.8201904296875,1000,False,0,0,0
rastrigin,10,pgd,18,0.005,2.5,,5.0,50.496063232421875,545.1262817382812,1000,False,0,0,0
rastrigin,10,pgd,19,0.005,2.5,,5.0,149.955810546875,1160.52001953125,1000,False,0,0,0
rastrigin,10,pgd,20,0.005,2.5,,5.0,104.52507019042969,798.5294799804688,1000,False,0,0,0
rastrigin,10,pgd,21,0.005,2.5,,5.0,71.2823257446289,1084.49609375,1000,False,0,0,0
rastrigin,10,pgd,22,0.005,2.5,,5.0,100.42484283447266,716.4378051757812,1000,False,0,0,0
rastrigin,10,pgd,23,0.005,2.5,,5.0,69.68968200683594,825.5614624023438,1000,False,0,0,0
rastrigin,10,pgd,24,0.005,2.5,,5.0,82.1007308959961,1183.1343994140625,1000,False,0,0,0
rastrigin,10,pgd,25,0.005,2.5,,5.0,77.17974853515625,1283.8560791015625,1000,False,0,0,0
rastrigin,10,pgd,26,0.005,2.5,,5.0,102.90242767333984,1806.62109375,1000,False,0,0,0
rastrigin,10,pgd,27,0.005,2.5,,5.0,91.03636169433594,360.58160400390625,1000,False,0,0,0
rastrigin,10,pgd,28,0.005,2.5,,5.0,108.85063171386719,1096.140625,1000,False,0,0,0
rastrigin,10,pgd,29,0.005,2.5,,5.0,92.8413314819336,455.232421875,1000,False,0,0,0
rastrigin,10,rpgd,0,0.005,2.5,10.0,5.0,62.68207550048828,62.68207550048828,1000,False,0,0,0
rastrigin,10,rpgd,1,0.005,2.5,10.0,5.0,63.67702102661133,63.677024841308594,1000,False,0,0,0
rastrigin,10,rpgd,2,0.005,2.5,10.0,5.0,50.74254608154297,50.742557525634766,1000,False,0,0,0
rastrigin,10,rpgd,3,0.005,2.5,10.0,5.0,115.41439056396484,115.41439056396484,1000,False,0,0,0
rastrigin,10,rpgd,4,0.005,2.5,10.0,5.0,143.27284240722656,143.27285766601562,1000,False,0,0,0
rastrigin,10,rpgd,5,0.005,2.5,10.0,5.0,144.26803588867188,144.26805114746094,1000,False,0,0,0
rastrigin,10,rpgd,6,0.005,2.5,10.0,5.0,60.69214630126953,60.69215393066406,1000,False,0,0,0
rastrigin,10,rpgd,7,0.005,2.5,10.0,5.0,53.72758102416992,53.72758483886719,1000,False,0,0,0
rastrigin,10,rpgd,8,0.005,2.5,10.0,5.0,38.80329895019531,38.80330276489258,1000,False,0,0,0
rastrigin,10,rpgd,9,0.005,2.5,10.0,5.0,79.59622192382812,79.59622192382812,1000,False,0,0,0
rastrigin,10,rpgd,10,0.005,2.5,10.0,5.0,48.752685546875,48.75269317626953,1000,False,0,0,0
rastrigin,10,rpgd,11,0.005,2.5,10.0,5.0,88.55075073242188,88.5507583618164,1000,False,0,0,0
rastrigin,10,rpgd,12,0.005,2.5,10.0,5.0,44.77297592163086,44.77298355102539,1000,False,0,0,0
rastrigin,10,rpgd,13,0.005,2.5,10.0,5.0,134.3184051513672,134.31842041015625,1000,False,0,0,0
rastrigin,10,rpgd,14,0.005,2.5,10.0,5.0,99.49526977539062,99.49526977539062,1000,False,0,0,0
rastrigin,10,rpgd,15,0.005,2.5,10.0,5.0,45.76793670654297,45.767948150634766,1000,False,0,0,0
rastrigin,10,rpgd,16,0.005,2.5,10.0,5.0,92.53052520751953,92.53052520751953,1000,False,0,0,0
rastrigin,10,rpgd,17,0.005,2.5,10.0,5.0,77.60615539550781,77.60616302490234,1000,False,0,0,0
rastrigin,10,rpgd,18,0.005,2.5,10.0,5.0,45.767921447753906,45.76792526245117,1000,False,0,0,0
rastrigin,10,rpgd,19,0.005,2.5,10.0,5.0,61.68742370605469,61.68742370605469,1000,False,0,0,0
rastrigin,10,rpgd,20,0.005,2.5,10.0,5.0,97.5055160522461,97.50552368164062,1000,False,0,0,0
rastrigin,10,rpgd,21,0.005,2.5,10.0,5.0,66.66170501708984,66.66171264648438,1000,False,0,0,0
rastrigin,10,rpgd,22,0.005,2.5,10.0,5.0,93.52552032470703,93.52552795410156,1000,False,0,0,0
rastrigin,10,rpgd,23,0.005,2.5,10.0,5.0,84.57093811035156,84.57095336914062,1000,False,0,0,0
rastrigin,10,rpgd,24,0.005,2.5,10.0,5.0,79.5962142944336,79.59622192382812,1000,False,0,0,0
rastrigin,10,rpgd,25,0.005,2.5,10.0,5.0,69.64682006835938,69.6468276977539,1000,False,0,0,0
rastrigin,10,rpgd,26,0.005,2.5,10.0,5.0,98.50022888183594,98.50023651123047,1000,False,0,0,0
rastrigin,10,rpgd,27,0.005,2.5,10.0,5.0,96.51043701171875,96.51043701171875,1000,False,0,0,0
rastrigin,10,rpgd,28,0.005,2.5,10.0,5.0,104.4698715209961,104.46987915039062,1000,False,0,0,0
rastrigin,10,rpgd,29,0.005,2.5,10.0,5.0,85.5660171508789,85.56602478027344,1000,False,0,0,0
rastrigin,10,spgd,0,0.005,2.5,10.0,5.0,62.68207550048828,62.68207550048828,1000,False,0,0,0
rastrigin,10,spgd,1,0.005,2.5,10.0,5.0,63.67702102661133,63.677024841308594,1000,False,0,0,0
rastrigin,10,spgd,2,0.005,2.5,10.0,5.0,50.74254608154297,50.742557525634766,1000,False,0,0,0
rastrigin,10,spgd,3,0.005,2.5,10.0,5.0,63.677154541015625,63.677162170410156,1000,False,0,0,0
rastrigin,10,spgd,4,0.005,2.5,10.0,5.0,68.65187072753906,68.65187072753906,1000,False,0,0,0
rastrigin,10,spgd,5,0.005,2.5,10.0,5.0,144.26803588867188,144.26805114746094,1000,False,0,0,0
rastrigin,10,spgd,6,0.005,2.5,10.0,5.0,60.69214630126953,60.69215393066406,1000,False,0,0,0
rastrigin,10,spgd,7,0.005,2.5,10.0,5.0,53.72758102416992,53.72758483886719,1000,False,0,0,0
rastrigin,10,spgd,8,0.005,2.5,10.0,5.0,104.4698715209961,104.46987915039062,1000,False,0,0,0
rastrigin,10,spgd,9,0.005,2.5,10.0,5.0,79.59622192382812,79.59622192382812,1000,False,0,0,0
rastrigin,10,spgd,10,0.005,2.5,10.0,5.0,48.752685546875,48.75269317626953,1000,False,0,0,0
rastrigin,10,spgd,11,0.005,2.5,10.0,5.0,88.55075073242188,88.5507583618164,1000,False,0,0,0
rastrigin,10,spgd,12,0.005,2.5,10.0,5.0,44.77297592163086,44.77298355102539,1000,False,0,0,0
rastrigin,10,spgd,13,0.005,2.5,10.0,5.0,64.67216491699219,64.67216491699219,1000,False,0,0,0
rastrigin,10,spgd,14,0.005,2.5,10.0,5.0,99.49526977539062,99.49526977539062,1000,False,0,0,0
rastrigin,10,spgd,15,0.005,2.5,10.0,5.0,45.76793670654297,45.767948150634766,1000,False,0,0,0
rastrigin,10,spgd,16,0.005,2.5,10.0,5.0,92.53052520751953,92.53052520751953,1000,False,0,0,0
rastrigin,10,spgd,17,0.005,2.5,10.0,5.0,77.60615539550781,77.60616302490234,1000,False,0,0,0
rastrigin,10,spgd,18,0.005,2.5,10.0,5.0,45.767921447753906,45.76792526245117,1000,False,0,0,0
rastrigin,10,spgd,19,0.005,2.5,10.0,5.0,145.26287841796875,145.26287841796875,1000,False,0,0,0
rastrigin,10,spgd,20,0.005,2.5,10.0,5.0,31.83863067626953,31.838638305664062,1000,False,0,0,0
rastrigin,10,spgd,21,0.005,2.5,10.0,5.0,66.66170501708984,66.66171264648438,1000,False,0,0,0
rastrigin,10,spgd,22,0.005,2.5,10.0,5.0,93.52552032470703,93.52552795410156,1000,False,0,0,0
rastrigin,10,spgd,23,0.005,2.5,10.0,5.0,84.57093811035156,84.57095336914062,1000,False,0,0,0
rastrigin,10,spgd,24,0.005,2.5,10.0,5.0,79.5962142944336,79.59622192382812,1000,False,0,0,0
rastrigin,10,spgd,25,0.005,2.5,10.0,5.0,69.64682006835938,69.6468276977539,1000,False,0,0,0
rastrigin,10,spgd,26,0.005,2.5,10.0,5.0,98.50022888183594,98.50023651123047,1000,False,0,0,0
rastrigin,10,spgd,27,0.005,2.5,10.0,5.0,96.51043701171875,96.51043701171875,1000,False,0,0,0
rastrigin,10,spgd,28,0.005,2.5,10.0,5.0,104.4698715209961,104.46987915039062,1000,False,0,0,0
rastrigin,10,spgd,29,0.005,2.5,10.0,5.0,85.5660171508789,85.56602478027344,1000,False,0,0,0
rastrigin,50,sgd,0,0.005,,,,417.88018798828125,417.8802185058594,1000,False,0,0,0
rastrigin,50,sgd,1,0.005,,,,355.1981201171875,355.19818115234375,1000,False,0,0,0
rastrigin,50,sgd,2,0.005,,,,295.5009765625,295.5009765625,1000,False,0,0,0
rastrigin,50,sgd,3,0.005,,,,515.3850708007812,515.3851318359375,1000,False,0,0,0
rastrigin,50,sgd,4,0.005,,,,506.4306945800781,506.4306945800781,1000,False,0,0,0
rastrigin,50,sgd,5,0.005,,,,546.228515625,546.228515625,1000,False,0,0,0
rastrigin,50,sgd,6,0.005,,,,355.1983337402344,355.1983642578125,1000,False,0,0,0
rastrigin,50,sgd,7,0.005,,,,384.0518798828125,384.0519104003906,1000,False,0,0,0
rastrigin,50,sgd,8,0.005,,,,461.6578369140625,461.6578674316406,1000,False,0,0,0
rastrigin,50,sgd,9,0.005,,,,396.9862976074219,396.986328125,1000,False,0,0,0
rastrigin,50,sgd,10,0.005,,,,422.85443115234375,422.8544616699219,1000,False,0,0,0
rastrigin,50,sgd,11,0.005,,,,383.05718994140625,383.0572204589844,1000,False,0,0,0
rastrigin,50,sgd,12,0.005,,,,349.228759765625,349.228759765625,1000,False,0,0,0
rastrigin,50,sgd,13,0.005,,,,507.42547607421875,507.42547607421875,1000,False,0,0,0
rastrigin,50,sgd,14,0.005,,,,410.91534423828125,410.91534423828125,1000,False,0,0,0
rastrigin,50,sgd,15,0.005,,,,370.1224060058594,370.1224365234375,1000,False,0,0,0
rastrigin,50,sgd,16,0.005,,,,557.1729736328125,557.1729736328125,1000,False,0,0,0
rastrigin,50,sgd,17,0.005,,,,458.6730651855469,458.6730651855469,1000,False,0,0,0
rastrigin,50,sgd,18,0.005,,,,413.90045166015625,413.90045166015625,1000,False,0,0,0
rastrigin,50,sgd,19,0.005,,,,497.4760437011719,497.4760437011719,1000,False,0,0,0
rastrigin,50,sgd,20,0.005,,,,416.8854675292969,416.885498046875,1000,False,0,0,0
rastrigin,50,sgd,21,0.005,,,,497.47564697265625,497.4756774902344,1000,False,0,0,0
rastrigin,50,sgd,22,0.005,,,,376.0924072265625,376.0924377441406,1000,False,0,0,0
rastrigin,50,sgd,23,0.005,,,,371.11773681640625,371.11773681640625,1000,False,0,0,0
rastrigin,50,sgd,24,0.005,,,,492.5011291503906,492.5011291503906,1000,False,0,0,0
rastrigin,50,sgd,25,0.005,,,,442.7539367675781,442.7539367675781,1000,False,0,0,0
rastrigin,50,sgd,26,0.005,,,,510.41046142578125,510.41046142578125,1000,False,0,0,0
rastrigin,50,sgd,27,0.005,,,,368.13299560546875,368.13299560546875,1000,False,0,0,0
rastrigin,50,sgd,28,0.005,,,,466.63226318359375,466.6322937011719,1000,False,0,0,0
rastrigin,50,sgd,29,0.005,,,,388.03173828125,388.0317687988281,1000,False,0,0,0
rastrigin,50,adam,0,0.05,,,,417.88018798828125,417.8802185058594,1000,False,0,0,0
rastrigin,50,adam,1,0.05,,,,355.1981201171875,355.1981201171875,1000,False,0,0,0
rastrigin,50,adam,2,0.05,,,,295.5009460449219,295.5009765625,1000,False,0,0,0
rastrigin,50,adam,3,0.05,,,,515.3850708007812,515.3850708007812,1000,False,0,0,0
rastrigin,50,adam,4,0.05,,,,506.4306640625,506.4306945800781,1000,False,0,0,0
rastrigin,50,adam,5,0.05,,,,546.2284545898438,546.228515625,1000,False,0,0,0
rastrigin,50,adam,6,0.05,,,,355.1983337402344,355.1983642578125,1000,False,0,0,0
rastrigin,50,adam,7,0.05,,,,384.0518798828125,384.0518798828125,1000,False,0,0,0
rastrigin,50,adam,8,0.05,,,,461.6578369140625,461.6578369140625,1000,False,0,0,0
rastrigin,50,adam,9,0.05,,,,396.98626708984375,396.9862976074219,1000,False,0,0,0
rastrigin,50,adam,10,0.05,,,,422.85443115234375,422.85443115234375,1000,False,0,0,0
rastrigin,50,adam,11,0.05,,,,383.05718994140625,383.05718994140625,1000,False,0,0,0
rastrigin,50,adam,12,0.05,,,,349.22869873046875,349.228759765625,1000,False,0,0,0
rastrigin,50,adam,13,0.05,,,,507.4254455566406,507.42547607421875,1000,False,0,0,0
rastrigin,50,adam,14,0.05,,,,410.91534423828125,410.91534423828125,1000,False,0,0,0
rastrigin,50,adam,15,0.05,,,,370.1224060058594,370.1224365234375,1000,False,0,0,0
rastrigin,50,adam,16,0.05,,,,557.1729125976562,557.1729736328125,1000,False,0,0,0
rastrigin,50,adam,17,0.05,,,,458.67303466796875,458.6730651855469,1000,False,0,0,0
rastrigin,50,adam,18,0.05,,,,413.9004211425781,413.90045166015625,1000,False,0,0,0
rastrigin,50,adam,19,0.05,,,,497.47601318359375,497.4760437011719,1000,False,0,0,0
rastrigin,50,adam,20,0.05,,,,416.88543701171875,416.8854675292969,1000,False,0,0,0
rastrigin,50,adam,21,0.05,,,,497.47564697265625,497.47564697265625,1000,False,0,0,0
rastrigin,50,adam,22,0.05,,,,376.0924072265625,376.0924377441406,1000,False,0,0,0
rastrigin,50,adam,23,0.05,,,,371.1177062988281,371.11773681640625,1000,False,0,0,0
rastrigin,50,adam,24,0.05,,,,492.5010986328125,492.5011291503906,1000,False,0,0,0
rastrigin,50,adam,25,0.05,,,,442.75390625,442.7539367675781,1000,False,0,0,0
rastrigin,50,adam,26,0.05,,,,510.4104309082031,510.41046142578125,1000,False,0,0,0
rastrigin,50,adam,27,0.05,,,,368.1329650878906,368.13299560546875,1000,False,0,0,0
rastrigin,50,adam,28,0.05,,,,466.63226318359375,466.63226318359375,1000,False,0,0,0
rastrigin,50,adam,29,0.05,,,,388.03173828125,388.0317687988281,1000,False,0,0,0
rastrigin,50,pgd,0,0.005,2.5,,5.0,451.1843566894531,4352.689453125,1000,False,0,0,0
rastrigin,50,pgd,1,0.005,2.5,,5.0,406.430419921875,3887.74462890625,1000,False,0,0,0
rastrigin,50,pgd,2,0.005,2.5,,5.0,346.59716796875,4684.45263671875,1000,False,0,0,0
rastrigin,50,pgd,3,0.005,2.5,,5.0,562.6494140625,3494.64013671875,1000,False,0,0,0
rastrigin,50,pgd,4,0.005,2.5,,5.0,536.5608520507812,5551.060546875,1000,False,0,0,0
rastrigin,50,pgd,5,0.005,2.5,,5.0,575.211181640625,4895.43017578125,1000,False,0,0,0
rastrigin,50,pgd,6,0.005,2.5,,5.0,389.2037658691406,4385.11474609375,1000,False,0,0,0
rastrigin,50,pgd,7,0.005,2.5,,5.0,413.22271728515625,4595.10546875,1000,False,0,0,0
rastrigin,50,pgd,8,0.005,2.5,,5.0,515.0263671875,5661.45703125,1000,False,0,0,0
rastrigin,50,pgd,9,0.005,2.5,,5.0,428.0578918457031,3981.49853515625,1000,False,0,0,0
rastrigin,50,pgd,10,0.005,2.5,,5.0,453.836181640625,3202.95849609375,1000,False,0,0,0
rastrigin,50,pgd,11,0.005,2.5,,5.0,416.8444519042969,4780.2734375,1000,False,0,0,0
rastrigin,50,pgd,12,0.005,2.5,,5.0,379.93585205078125,5482.169921875,1000,False,0,0,0
rastrigin,50,pgd,13,0.005,2.5,,5.0,547.7490234375,4916.13916015625,1000,False,0,0,0
rastrigin,50,pgd,14,0.005,2.5,,5.0,443.54425048828125,5091.8876953125,1000,False,0,0,0
rastrigin,50,pgd,15,0.005,2.5,,5.0,404.75128173828125,3916.520263671875,1000,False,0,0,0
rastrigin,50,pgd,16,0.005,2.5,,5.0,587.3905639648438,3874.992431640625,1000,False,0,0,0
rastrigin,50,pgd,17,0.005,2.5,,5.0,500.7206726074219,5474.94970703125,1000,False,0,0,0
rastrigin,50,pgd,18,0.005,2.5,,5.0,442.0791015625,4157.431640625,1000,False,0,0,0
rastrigin,50,pgd,19,0.005,2.5,,5.0,527.2555541992188,3938.11572265625,1000,False,0,0,0
rastrigin,50,pgd,20,0.005,2.5,,5.0,448.368408203125,4850.77197265625,1000,False,0,0,0
rastrigin,50,pgd,21,0.005,2.5,,5.0,523.661865234375,3698.210205078125,1000,False,0,0,0
rastrigin,50,pgd,22,0.005,2.5,,5.0,416.25323486328125,5009.21484375,1000,False,0,0,0
rastrigin,50,pgd,23,0.005,2.5,,5.0,401.8707580566406,3845.825439453125,1000,False,0,0,0
rastrigin,50,pgd,24,0.005,2.5,,5.0,519.036865234375,5750.3662109375,1000,False,0,0,0
rastrigin,50,pgd,25,0.005,2.5,,5.0,472.605224609375,4760.52294921875,1000,False,0,0,0
rastrigin,50,pgd,26,0.005,2.5,,5.0,548.6813354492188,3704.916259765625,1000,False,0,0,0
rastrigin,50,pgd,27,0.005,2.5,,5.0,402.2000732421875,4873.458984375,1000,False,0,0,0
rastrigin,50,pgd,28,0.005,2.5,,5.0,494.41619873046875,4870.62890625,1000,False,0,0,0
rastrigin,50,pgd,29,0.005,2.5,,5.0,419.16143798828125,4787.96826171875,1000,False,0,0,0
rastrigin,50,rpgd,0,0.005,2.5,10.0,5.0,417.88018798828125,417.8802185058594,1000,False,0,0,0
rastrigin,50,rpgd,1,0.005,2.5,10.0,5.0,355.1981201171875,355.19818115234375,1000,False,0,0,0
rastrigin,50,rpgd,2,0.005,2.5,10.0,5.0,295.5009765625,295.5009765625,1000,False,0,0,0
rastrigin,50,rpgd,3,0.005,2.5,10.0,5.0,515.3850708007812,515.3851318359375,1000,False,0,0,0
rastrigin,50,rpgd,4,0.005,2.5,10.0,5.0,506.4306945800781,506.4306945800781,1000,False,0,0,0
rastrigin,50,rpgd,5,0.005,2.5,10.0,5.0,546.228515625,546.228515625,1000,False,0,0,0
rastrigin,50,rpgd,6,0.005,2.5,10.0,5.0,355.1983337402344,355.1983642578125,1000,False,0,0,0
rastrigin,50,rpgd,7,0.005,2.5,10.0,5.0,384.0518798828125,384.0519104003906,1000,False,0,0,0
rastrigin,50,rpgd,8,0.005,2.5,10.0,5.0,461.6578369140625,461.6578674316406,1000,False,0,0,0
rastrigin,50,rpgd,9,0.005,2.5,10.0,5.0,396.9862976074219,396.986328125,1000,False,0,0,0
rastrigin,50,rpgd,10,0.005,2.5,10.0,5.0,422.85443115234375,422.8544616699219,1000,False,0,0,0
rastrigin,50,rpgd,11,0.005,2.5,10.0,5.0,383.05718994140625,383.0572204589844,1000,False,0,0,0
rastrigin,50,rpgd,12,0.005,2.5,10.0,5.0,349.228759765625,349.228759765625,1000,False,0,0,0
rastrigin,50,rpgd,13,0.005,2.5,10.0,5.0,507.42547607421875,507.42547607421875,1000,False,0,0,0
rastrigin,50,rpgd,14,0.005,2.5,10.0,5.0,410.91534423828125,410.91534423828125,1000,False,0,0,0
rastrigin,50,rpgd,15,0.005,2.5,10.0,5.0,370.1224060058594,370.1224365234375,1000,False,0,0,0
rastrigin,50,rpgd,16,0.005,2.5,10.0,5.0,557.1729736328125,557.1729736328125,1000,False,0,0,0
rastrigin,50,rpgd,17,0.005,2.5,10.0,5.0,458.6730651855469,458.6730651855469,1000,False,0,0,0
rastrigin,50,rpgd,18,0.005,2.5,10.0,5.0,413.90045166015625,413.90045166015625,1000,False,0,0,0
rastrigin,50,rpgd,19,0.005,2.5,10.0,5.0,497.4760437011719,497.4760437011719,1000,False,0,0,0
rastrigin,50,rpgd,20,0.005,2.5,10.0,5.0,416.8854675292969,416.885498046875,1000,False,0,0,0
rastrigin,50,rpgd,21,0.005,2.5,10.0,5.0,497.47564697265625,497.4756774902344,1000,False,0,0,0
rastrigin,50,rpgd,22,0.005,2.5,10.0,5.0,376.0924072265625,376.0924377441406,1000,False,0,0,0
rastrigin,50,rpgd,23,0.005,2.5,10.0,5.0,371.11773681640625,371.11773681640625,1000,False,0,0,0
rastrigin,50,rpgd,24,0.005,2.5,10.0,5.0,492.5011291503906,492.5011291503906,1000,False,0,0,0
rastrigin,50,rpgd,25,0.005,2.5,10.0,5.0,442.7539367675781,442.7539367675781,1000,False,0,0,0
rastrigin,50,rpgd,26,0.005,2.5,10.0,5.0,510.41046142578125,510.41046142578125,1000,False,0,0,0
rastrigin,50,rpgd,27,0.005,2.5,10.0,5.0,368.13299560546875,368.13299560546875,1000,False,0,0,0
rastrigin,50,rpgd,28,0.005,2.5,10.0,5.0,466.63226318359375,466.6322937011719,1000,False,0,0,0
rastrigin,50,rpgd,29,0.005,2.5,10.0,5.0,388.03173828125,388.0317687988281,1000,False,0,0,0
rastrigin,50,spgd,0,0.005,2.5,10.0,5.0,417.88018798828125,417.8802185058594,1000,False,0,0,0
rastrigin,50,spgd,1,0.005,2.5,10.0,5.0,355.1981201171875,355.19818115234375,1000,False,0,0,0
rastrigin,50,spgd,2,0.005,2.5,10.0,5.0,295.5009765625,295.5009765625,1000,False,0,0,0
rastrigin,50,spgd,3,0.005,2.5,10.0,5.0,515.3850708007812,515.3851318359375,1000,False,0,0,0
rastrigin,50,spgd,4,0.005,2.5,10.0,5.0,506.4306945800781,506.4306945800781,1000,False,0,0,0
rastrigin,50,spgd,5,0.005,2.5,10.0,5.0,546.228515625,546.228515625,1000,False,0,0,0
rastrigin,50,spgd,6,0.005,2.5,10.0,5.0,355.1983337402344,355.1983642578125,1000,False,0,0,0
rastrigin,50,spgd,7,0.005,2.5,10.0,5.0,384.0518798828125,384.0519104003906,1000,False,0,0,0
rastrigin,50,spgd,8,0.005,2.5,10.0,5.0,461.6578369140625,461.6578674316406,1000,False,0,0,0
rastrigin,50,spgd,9,0.005,2.5,10.0,5.0,396.9862976074219,396.986328125,1000,False,0,0,0
rastrigin,50,spgd,10,0.005,2.5,10.0,5.0,422.85443115234375,422.8544616699219,1000,False,0,0,0
rastrigin,50,spgd,11,0.005,2.5,10.0,5.0,383.05718994140625,383.0572204589844,1000,False,0,0,0
rastrigin,50,spgd,12,0.005,2.5,10.0,5.0,349.228759765625,349.228759765625,1000,False,0,0,0
rastrigin,50,spgd,13,0.005,2.5,10.0,5.0,507.42547607421875,507.42547607421875,1000,False,0,0,0
rastrigin,50,spgd,14,0.005,2.5,10.0,5.0,410.91534423828125,410.91534423828125,1000,False,0,0,0
rastrigin,50,spgd,15,0.005,2.5,10.0,5.0,370.1224060058594,370.1224365234375,1000,False,0,0,0
rastrigin,50,spgd,16,0.005,2.5,10.0,5.0,557.1729736328125,557.1729736328125,1000,False,0,0,0
rastrigin,50,spgd,17,0.005,2.5,10.0,5.0,458.6730651855469,458.6730651855469,1000,False,0,0,0
rastrigin,50,spgd,18,0.005,2.5,10.0,5.0,413.90045166015625,413.90045166015625,1000,False,0,0,0
rastrigin,50,spgd,19,0.005,2.5,10.0,5.0,497.4760437011719,497.4760437011719,1000,False,0,0,0
rastrigin,50,spgd,20,0.005,2.5,10.0,5.0,416.8854675292969,416.885498046875,1000,False,0,0,0
rastrigin,50,spgd,21,0.005,2.5,10.0,5.0,497.47564697265625,497.4756774902344,1000,False,0,0,0
rastrigin,50,spgd,22,0.005,2.5,10.0,5.0,376.0924072265625,376.0924377441406,1000,False,0,0,0
rastrigin,50,spgd,23,0.005,2.5,10.0,5.0,371.11773681640625,371.11773681640625,1000,False,0,0,0
rastrigin,50,spgd,24,0.005,2.5,10.0,5.0,492.5011291503906,492.5011291503906,1000,False,0,0,0
rastrigin,50,spgd,25,0.005,2.5,10.0,5.0,442.7539367675781,442.7539367675781,1000,False,0,0,0
rastrigin,50,spgd,26,0.005,2.5,10.0,5.0,510.41046142578125,510.41046142578125,1000,False,0,0,0
rastrigin,50,spgd,27,0.005,2.5,10.0,5.0,368.13299560546875,368.13299560546875,1000,False,0,0,0
rastrigin,50,spgd,28,0.005,2.5,10.0,5.0,466.63226318359375,466.6322937011719,1000,False,0,0,0
rastrigin,50,spgd,29,0.005,2.5,10.0,5.0,388.03173828125,388.0317687988281,1000,False,0,0,0
ackley,2,sgd,0,0.01,,,,6.882580757141113,6.882582664489746,1000,False,1,977,977
ackley,2,sgd,1,0.01,,,,6.559643745422363,6.559645652770996,1000,False,1,951,951
ackley,2,sgd,2,0.01,,,,3.5744504928588867,3.5744524002075195,1000,False,1,982,982
ackley,2,sgd,3,0.01,,,,11.90125560760498,11.901256561279297,1000,False,1,986,986
ackley,2,sgd,4,0.01,,,,0.02255725860595703,0.0642538070678711,1000,False,0,0,0
ackley,2,sgd,5,0.01,,,,10.120349884033203,10.12035083770752,1000,False,1,979,979
ackley,2,sgd,6,0.01,,,,2.5799264907836914,2.579928398132324,1000,False,1,943,943
ackley,2,sgd,7,0.01,,,,6.88258171081543,6.882582664489746,1000,False,1,980,980
ackley,2,sgd,8,0.01,,,,7.180951118469238,7.180951118469238,1000,False,1,976,976
ackley,2,sgd,9,0.01,,,,5.381863594055176,5.381865501403809,1000,False,1,960,960
ackley,2,sgd,10,0.01,,,,0.012436866760253906,0.0642404556274414,1000,False,0,0,0
ackley,2,sgd,11,0.01,,,,6.88258171081543,6.882582664489746,1000,False,1,973,973
ackley,2,sgd,12,0.01,,,,6.882582664489746,6.882582664489746,1000,False,1,968,968
ackley,2,sgd,13,0.01,,,,8.616249084472656,8.616250038146973,1000,False,1,983,983
ackley,2,sgd,14,0.01,,,,10.257973670959473,10.257973670959473,1000,False,1,981,981
ackley,2,sgd,15,0.01,,,,6.559643745422363,6.559645652770996,1000,False,1,982,982
ackley,2,sgd,16,0.01,,,,7.180951118469238,7.180951118469238,1000,False,1,978,978
ackley,2,sgd,17,0.01,,,,0.03819751739501953,0.06421566009521484,1000,False,0,0,0
ackley,2,sgd,18,0.01,,,,0.05323314666748047,0.06421756744384766,1000,False,0,0,0
ackley,2,sgd,19,0.01,,,,11.217549324035645,11.217549324035645,1000,False,1,979,979
ackley,2,sgd,20,0.01,,,,7.180951118469238,7.180951118469238,1000,False,1,976,976
ackley,2,sgd,21,0.01,,,,2.5799264907836914,2.579928398132324,1000,False,1,981,981
ackley,2,sgd,22,0.01,,,,5.381863594055176,5.381865501403809,1000,False,1,980,980
ackley,2,sgd,23,0.01,,,,5.381863594055176,5.381863594055176,1000,False,1,981,981
ackley,2,sgd,24,0.01,,,,7.180951118469238,7.180951118469238,1000,False,1,972,972
ackley,2,sgd,25,0.01,,,,7.961709976196289,7.9617109298706055,1000,False,1,970,970
ackley,2,sgd,26,0.01,,,,7.180951118469238,7.180951118469238,1000,False,1,971,971
ackley,2,sgd,27,0.01,,,,11.90125560760498,11.901256561279297,1000,False,1,983,983
ackley,2,sgd,28,0.01,,,,5.381863594055176,5.381865501403809,1000,False,1,979,979
ackley,2,sgd,29,0.01,,,,10.998261451721191,10.998261451721191,1000,False,1,979,979
ackley,2,adam,0,0.1,,,,6.882580757141113,6.882582664489746,1000,False,7,791,783
ackley,2,adam,1,0.1,,,,6.559643745422363,6.559645652770996,1000,False,5,777,771
ackley,2,adam,2,0.1,,,,3.5744504928588867,3.5744524002075195,1000,False,5,786,779
ackley,2,adam,3,0.1,,,,11.90125560760498,11.901256561279297,1000,False,19,771,545
ackley,2,adam,4,0.1,,,,0.0032930374145507812,0.019410133361816406,70,True,0,0,0
ackley,2,adam,5,0.1,,,,10.120348930358887,10.12035083770752,1000,False,3,783,781
ackley,2,adam,6,0.1,,,,0.0025014877319335938,0.01922321319580078,85,True,0,0,0
ackley,2,adam,7,0.1,,,,6.882580757141113,6.882582664489746,1000,False,5,786,779
ackley,2,adam,8,0.1,,,,7.180950164794922,7.180952072143555,1000,False,9,769,759
ackley,2,adam,9,0.1,,,,5.381863594055176,5.381863594055176,1000,False,7,778,768
ackley,2,adam,10,0.1,,,,0.004290580749511719,0.01598834991455078,51,True,0,0,0
ackley,2,adam,11,0.1,,,,6.882580757141113,6.882582664489746,1000,False,6,777,770
ackley,2,adam,12,0.1,,,,4.884064674377441,4.884064674377441,1000,False,6,772,765
ackley,2,adam,13,0.1,,,,8.61624813079834,8.616250038146973,1000,False,6,789,782
ackley,2,adam,14,0.1,,,,10.257973670959473,10.257974624633789,1000,False,8,788,779
ackley,2,adam,15,0.1,,,,6.559643745422363,6.559645652770996,1000,False,5,786,780
ackley,2,adam,16,0.1,,,,7.180950164794922,7.180951118469238,1000,False,5,779,772
ackley,2,adam,17,0.1,,,,0.0035791397094726562,0.02169322967529297,64,True,0,0,0
ackley,2,adam,18,0.1,,,,0.003958702087402344,0.023461341857910156,79,True,0,0,0
ackley,2,adam,19,0.1,,,,11.217548370361328,11.217549324035645,1000,False,7,786,680
ackley,2,adam,20,0.1,,,,7.180950164794922,7.180951118469238,1000,False,7,785,776
ackley,2,adam,21,0.1,,,,2.5799264907836914,2.579928398132324,1000,False,5,785,780
ackley,2,adam,22,0.1,,,,5.381863594055176,5.381863594055176,1000,False,5,784,778
ackley,2,adam,23,0.1,,,,5.381863594055176,5.381863594055176,1000,False,5,787,782
ackley,2,adam,24,0.1,,,,7.180950164794922,7.180951118469238,1000,False,3,784,781
ackley,2,adam,25,0.1,,,,7.961709976196289,7.9617109298706055,1000,False,6,781,774
ackley,2,adam,26,0.1,,,,7.180950164794922,7.180951118469238,1000,False,4,778,773
ackley,2,adam,27,0.1,,,,11.90125560760498,11.901257514953613,1000,False,5,791,785
ackley,2,adam,28,0.1,,,,5.381863594055176,5.381863594055176,1000,False,5,779,774
ackley,2,adam,29,0.1,,,,10.998260498046875,10.998261451721191,1000,False,7,781,771
ackley,2,pgd,0,0.01,2.5,,5.0,6.563294410705566,21.089176177978516,1000,False,0,0,0
ackley,2,pgd,1,0.01,2.5,,5.0,0.02248668670654297,12.036706924438477,1000,False,0,0,0
ackley,2,pgd,2,0.01,2.5,,5.0,0.039666175842285156,20.74036407470703,1000,False,0,0,0
ackley,2,pgd,3,0.01,2.5,,5.0,11.901468276977539,19.897571563720703,1000,False,0,0,0
ackley,2,pgd,4,0.01,2.5,,5.0,2.58309268951416,19.447998046875,1000,False,0,0,0
ackley,2,pgd,5,0.01,2.5,,5.0,2.755251884460449,16.53219223022461,1000,False,0,0,0
ackley,2,pgd,6,0.01,2.5,,5.0,1.332667350769043,17.271818161010742,1000,False,0,0,0
ackley,2,pgd,7,0.01,2.5,,5.0,3.5800161361694336,17.087318420410156,1000,False,0,0,0
ackley,2,pgd,8,0.01,2.5,,5.0,5.410696983337402,21.800060272216797,1000,False,0,0,0
ackley,2,pgd,9,0.01,2.5,,5.0,2.5891504287719727,11.903173446655273,1000,False,0,0,0
ackley,2,pgd,10,0.01,2.5,,5.0,0.21619892120361328,17.961326599121094,1000,False,0,0,0
ackley,2,pgd,11,0.01,2.5,,5.0,4.104142189025879,20.353622436523438,1000,False,0,0,0
ackley,2,pgd,12,0.01,2.5,,5.0,0.004920005798339844,14.64582633972168,404,True,0,0,0
ackley,2,pgd,13,0.01,2.5,,5.0,8.63427448272705,20.30301284790039,1000,False,0,0,0
ackley,2,pgd,14,0.01,2.5,,5.0,2.931431770324707,20.182117462158203,1000,False,0,0,0
ackley,2,pgd,15,0.01,2.5,,5.0,2.603753089904785,2.603753089904785,1000,False,0,0,0
ackley,2,pgd,16,0.01,2.5,,5.0,4.580990791320801,16.545883178710938,1000,False,0,0,0
ackley,2,pgd,17,0.01,2.5,,5.0,3.438431739807129,20.93941879272461,1000,False,0,0,0
ackley,2,pgd,18,0.01,2.5,,5.0,0.0035142898559570312,9.620511054992676,10,True,0,0,0
ackley,2,pgd,19,0.01,2.5,,5.0,6.857095718383789,21.030132293701172,1000,False,0,0,0
ackley,2,pgd,20,0.01,2.5,,5.0,0.006173133850097656,19.01163101196289,744,True,0,0,0
ackley,2,pgd,21,0.01,2.5,,5.0,1.9496183395385742,19.724353790283203,1000,False,0,0,0
ackley,2,pgd,22,0.01,2.5,,5.0,0.012814521789550781,20.809547424316406,1000,False,0,0,0
ackley,2,pgd,23,0.01,2.5,,5.0,5.581189155578613,19.99361801147461,1000,False,0,0,0
ackley,2,pgd,24,0.01,2.5,,5.0,6.590388298034668,20.895008087158203,1000,False,0,0,0
ackley,2,pgd,25,0.01,2.5,,5.0,1.518977165222168,21.555774688720703,1000,False,0,0,0
ackley,2,pgd,26,0.01,2.5,,5.0,2.5892934799194336,13.425666809082031,1000,False,0,0,0
ackley,2,pgd,27,0.01,2.5,,5.0,11.532679557800293,21.787429809570312,1000,False,0,0,0
ackley,2,pgd,28,0.01,2.5,,5.0,6.16451358795166,19.0582275390625,1000,False,0,0,0
ackley,2,pgd,29,0.01,2.5,,5.0,3.590573310852051,18.511829376220703,1000,False,0,0,0
ackley,2,rpgd,0,0.01,2.5,10.0,5.0,0.05608654022216797,0.06424999237060547,1000,False,1,42,42
ackley,2,rpgd,1,0.01,2.5,10.0,5.0,0.02212047576904297,0.06424808502197266,1000,False,0,0,0
ackley,2,rpgd,2,0.01,2.5,10.0,5.0,0.031708717346191406,0.06423091888427734,1000,False,2,914,772
ackley,2,rpgd,3,0.01,2.5,10.0,5.0,0.03841876983642578,0.0642538070678711,1000,False,2,23,17
ackley,2,rpgd,4,0.01,2.5,10.0,5.0,0.02255725860595703,0.0642538070678711,1000,False,0,0,0
ackley,2,rpgd,5,0.01,2.5,10.0,5.0,0.05526447296142578,0.06425189971923828,1000,False,2,64,62
ackley,2,rpgd,6,0.01,2.5,10.0,5.0,0.0030946731567382812,0.06421566009521484,666,True,1,603,603
ackley,2,rpgd,7,0.01,2.5,10.0,5.0,0.011963844299316406,0.06421947479248047,1000,False,1,23,23
ackley,2,rpgd,8,0.01,2.5,10.0,5.0,0.005072593688964844,0.0642251968383789,539,True,3,447,437
ackley,2,rpgd,9,0.01,2.5,10.0,5.0,0.022719383239746094,0.06424808502197266,1000,False,1,187,187
ackley,2,rpgd,10,0.01,2.5,10.0,5.0,0.012436866760253906,0.0642404556274414,1000,False,0,0,0
ackley,2,rpgd,11,0.01,2.5,10.0,5.0,0.03135967254638672,0.06421566009521484,1000,False,0,0,0
ackley,2,rpgd,12,0.01,2.5,10.0,5.0,0.014176368713378906,0.0642538070678711,1000,False,2,145,85
ackley,2,rpgd,13,0.01,2.5,10.0,5.0,0.041382789611816406,0.06424999237060547,1000,False,2,169,146
ackley,2,rpgd,14,0.01,2.5,10.0,5.0,0.017455101013183594,0.06424999237060547,1000,False,3,131,64
ackley,2,rpgd,15,0.01,2.5,10.0,5.0,0.04895305633544922,0.06421566009521484,1000,False,1,22,22
ackley,2,rpgd,16,0.01,2.5,10.0,5.0,0.02588939666748047,0.06421756744384766,1000,False,3,182,68
ackley,2,rpgd,17,0.01,2.5,10.0,5.0,0.03819751739501953,0.06421566009521484,1000,False,0,0,0
ackley,2,rpgd,18,0.01,2.5,10.0,5.0,0.05323314666748047,0.06421756744384766,1000,False,0,0,0
ackley,2,rpgd,19,0.01,2.5,10.0,5.0,0.049765586853027344,0.0642251968383789,1000,False,1,64,64
ackley,2,rpgd,20,0.01,2.5,10.0,5.0,0.05579662322998047,0.0642538070678711,1000,False,2,68,36
ackley,2,rpgd,21,0.01,2.5,10.0,5.0,0.02321910858154297,0.0642538070678711,1000,False,1,376,376
ackley,2,rpgd,22,0.01,2.5,10.0,5.0,0.03553295135498047,0.06421947479248047,1000,False,0,0,0
ackley,2,rpgd,23,0.01,2.5,10.0,5.0,0.04673480987548828,0.0642538070678711,1000,False,2,304,273
ackley,2,rpgd,24,0.01,2.5,10.0,5.0,0.005715370178222656,0.06421756744384766,60,True,1,18,18
ackley,2,rpgd,25,0.01,2.5,10.0,5.0,0.014195442199707031,0.0642232894897461,1000,False,1,321,321
ackley,2,rpgd,26,0.01,2.5,10.0,5.0,0.009526252746582031,0.06424617767333984,54,True,1,26,26
ackley,2,rpgd,27,0.01,2.5,10.0,5.0,0.061089515686035156,0.06424999237060547,1000,False,3,219,194
ackley,2,rpgd,28,0.01,2.5,10.0,5.0,0.0034952163696289062,0.06425189971923828,243,True,2,196,182
ackley,2,rpgd,29,0.01,2.5,10.0,5.0,0.061049461364746094,0.06424808502197266,1000,False,1,74,74
ackley,2,spgd,0,0.01,2.5,10.0,5.0,0.060883522033691406,0.0642232894897461,1000,False,0,0,0
ackley,2,spgd,1,0.01,2.5,10.0,5.0,0.0015573501586914062,0.06423282623291016,18,True,0,0,0
ackley,2,spgd,2,0.01,2.5,10.0,5.0,0.03468799591064453,0.0642538070678711,1000,False,1,7,7
ackley,2,spgd,3,0.01,2.5,10.0,5.0,0.034768104553222656,0.06424617767333984,1000,False,0,0,0
ackley,2,spgd,4,0.01,2.5,10.0,5.0,0.051514625549316406,0.0642251968383789,1000,False,1,28,28
ackley,2,spgd,5,0.01,2.5,10.0,5.0,0.04320240020751953,0.06424617767333984,1000,False,0,0,0
ackley,2,spgd,6,0.01,2.5,10.0,5.0,0.04804706573486328,0.06424617767333984,1000,False,0,0,0
ackley,2,spgd,7,0.01,2.5,10.0,5.0,0.0006952285766601562,0.06421756744384766,20,True,0,0,0
ackley,2,spgd,8,0.01,2.5,10.0,5.0,0.04650402069091797,0.0642538070678711,1000,False,0,0,0
ackley,2,spgd,9,0.01,2.5,10.0,5.0,0.007632255554199219,0.0642538070678711,13,True,0,0,0
ackley,2,spgd,10,0.01,2.5,10.0,5.0,0.012436866760253906,0.0642404556274414,1000,False,0,0,0
ackley,2,spgd,11,0.01,2.5,10.0,5.0,0.058302879333496094,0.06424999237060547,1000,False,0,0,0
ackley,2,spgd,12,0.01,2.5,10.0,5.0,0.05180072784423828,0.0642251968383789,1000,False,0,0,0
ackley,2,spgd,13,0.01,2.5,10.0,5.0,0.017281532287597656,0.06424999237060547,1000,False,0,0,0
ackley,2,spgd,14,0.01,2.5,10.0,5.0,0.059203147888183594,0.06423473358154297,1000,False,1,13,13
ackley,2,spgd,15,0.01,2.5,10.0,5.0,0.03254413604736328,0.0642404556274414,1000,False,0,0,0
ackley,2,spgd,16,0.01,2.5,10.0,5.0,0.016571998596191406,0.06421947479248047,1000,False,1,45,45
ackley,2,spgd,17,0.01,2.5,10.0,5.0,0.030175209045410156,0.06421756744384766,1000,False,0,0,0
ackley,2,spgd,18,0.01,2.5,10.0,5.0,0.05323314666748047,0.06421756744384766,1000,False,0,0,0
ackley,2,spgd,19,0.01,2.5,10.0,5.0,0.03584766387939453,0.06424808502197266,1000,False,1,35,35
ackley,2,spgd,20,0.01,2.5,10.0,5.0,0.02102184295654297,0.0642251968383789,1000,False,0,0,0
ackley,2,spgd,21,0.01,2.5,10.0,5.0,0.008217811584472656,0.0642538070678711,45,True,1,21,21
ackley,2,spgd,22,0.01,2.5,10.0,5.0,0.0007677078247070312,0.0642251968383789,14,True,0,0,0
ackley,2,spgd,23,0.01,2.5,10.0,5.0,0.012944221496582031,0.06424999237060547,1000,False,0,0,0
ackley,2,spgd,24,0.01,2.5,10.0,5.0,0.04036235809326172,0.0642538070678711,1000,False,0,0,0
ackley,2,spgd,25,0.01,2.5,10.0,5.0,0.021956443786621094,0.06421756744384766,1000,False,0,0,0
ackley,2,spgd,26,0.01,2.5,10.0,5.0,0.04197216033935547,0.0642232894897461,1000,False,0,0,0
ackley,2,spgd,27,0.01,2.5,10.0,5.0,0.06048297882080078,0.0642538070678711,1000,False,1,30,30
ackley,2,spgd,28,0.01,2.5,10.0,5.0,0.061926841735839844,0.0642232894897461,1000,False,1,18,18
ackley,2,spgd,29,0.01,2.5,10.0,5.0,0.04266643524169922,0.0642538070678711,1000,False,1,49,49
ackley,10,sgd,0,0.01,,,,7.8658857345581055,7.865886688232422,1000,False,1,876,876
ackley,10,sgd,1,0.01,,,,7.667258262634277,7.667259216308594,1000,False,1,844,844
ackley,10,sgd,2,0.01,,,,6.6919450759887695,6.691946983337402,1000,False,1,879,879
ackley,10,sgd,3,0.01,,,,9.860295295715332,9.860295295715332,1000,False,1,881,881
ackley,10,sgd,4,0.01,,,,10.620340347290039,10.620342254638672,1000,False,1,875,875
ackley,10,sgd,5,0.01,,,,10.645031929016113,10.645031929016113,1000,False,1,883,883
ackley,10,sgd,6,0.01,,,,7.458337783813477,7.458339691162109,1000,False,1,829,829
ackley,10,sgd,7,0.01,,,,7.004670143127441,7.004671096801758,1000,False,1,849,849
ackley,10,sgd,8,0.01,,,,8.964158058166504,8.96415901184082,1000,False,1,875,875
ackley,10,sgd,9,0.01,,,,8.236189842224121,8.236191749572754,1000,False,1,863,863
ackley,10,sgd,10,0.01,,,,7.12296199798584,7.12296199798584,1000,False,1,877,877
ackley,10,sgd,11,0.01,,,,8.69614028930664,8.696141242980957,1000,False,1,872,872
ackley,10,sgd,12,0.01,,,,6.882564544677734,6.882565498352051,1000,False,1,823,823
ackley,10,sgd,13,0.01,,,,10.391131401062012,10.391133308410645,1000,False,1,888,888
ackley,10,sgd,14,0.01,,,,9.353031158447266,9.353032112121582,1000,False,1,829,829
ackley,10,sgd,15,0.01,,,,6.94407844543457,6.944080352783203,1000,False,1,873,873
ackley,10,sgd,16,0.01,,,,9.10983657836914,9.109838485717773,1000,False,1,843,843
ackley,10,sgd,17,0.01,,,,8.493399620056152,8.493401527404785,1000,False,1,847,847
ackley,10,sgd,18,0.01,,,,6.559514045715332,6.559514045715332,1000,False,1,828,828
ackley,10,sgd,19,0.01,,,,10.49460506439209,10.494606018066406,1000,False,1,861,861
ackley,10,sgd,20,0.01,,,,9.28501033782959,9.285011291503906,1000,False,1,805,805
ackley,10,sgd,21,0.01,,,,7.817078590393066,7.817079544067383,1000,False,1,858,858
ackley,10,sgd,22,0.01,,,,8.813155174255371,8.813155174255371,1000,False,1,865,865
ackley,10,sgd,23,0.01,,,,8.813143730163574,8.813143730163574,1000,False,1,857,857
ackley,10,sgd,24,0.01,,,,8.616249084472656,8.616250038146973,1000,False,1,872,872
ackley,10,sgd,25,0.01,,,,7.96168327331543,7.961684226989746,1000,False,1,861,861
ackley,10,sgd,26,0.01,,,,9.319149017333984,9.319151878356934,1000,False,1,850,850
ackley,10,sgd,27,0.01,,,,9.00107192993164,9.001073837280273,1000,False,1,834,834
ackley,10,sgd,28,0.01,,,,9.10983657836914,9.109837532043457,1000,False,1,858,858
ackley,10,sgd,29,0.01,,,,8.851431846618652,8.851432800292969,1000,False,1,833,833
ackley,10,adam,0,0.1,,,,7.8658857345581055,7.86589241027832,1000,False,3,611,609
ackley,10,adam,1,0.1,,,,7.667258262634277,7.667259216308594,1000,False,7,633,607
ackley,10,adam,2,0.1,,,,6.6919450759887695,6.6919450759887695,1000,False,3,797,794
ackley,10,adam,3,0.1,,,,9.860295295715332,9.86090087890625,1000,False,4,513,508
ackley,10,adam,4,0.1,,,,10.620341300964355,10.620343208312988,1000,False,13,642,557
ackley,10,adam,5,0.1,,,,10.645031929016113,10.64503288269043,1000,False,2,798,796
ackley,10,adam,6,0.1,,,,7.458337783813477,7.458338737487793,1000,False,1,794,794
ackley,10,adam,7,0.1,,,,7.004670143127441,7.004672050476074,1000,False,3,797,794
ackley,10,adam,8,0.1,,,,8.964158058166504,8.964339256286621,1000,False,7,497,480
ackley,10,adam,9,0.1,,,,8.236190795898438,8.236191749572754,1000,False,2,690,688
ackley,10,adam,10,0.1,,,,7.122961044311523,7.122962951660156,1000,False,2,801,800
ackley,10,adam,11,0.1,,,,8.69614028930664,8.69614315032959,1000,False,11,358,275
ackley,10,adam,12,0.1,,,,6.559535026550293,6.559575080871582,1000,False,8,300,218
ackley,10,adam,13,0.1,,,,10.391131401062012,10.392645835876465,1000,False,2,775,773
ackley,10,adam,14,0.1,,,,9.109845161437988,9.109848022460938,1000,False,2,793,791
ackley,10,adam,15,0.1,,,,6.94407844543457,6.944079399108887,1000,False,2,801,799
ackley,10,adam,16,0.1,,,,9.001057624816895,9.001059532165527,1000,False,13,450,412
ackley,10,adam,17,0.1,,,,8.493399620056152,8.493401527404785,1000,False,6,615,575
ackley,10,adam,18,0.1,,,,6.559514045715332,6.559536933898926,1000,False,13,499,454
ackley,10,adam,19,0.1,,,,10.494604110717773,10.49460506439209,1000,False,10,623,588
ackley,10,adam,20,0.1,,,,9.0376615524292,9.037663459777832,1000,False,2,795,793
ackley,10,adam,21,0.1,,,,7.349627494812012,7.349628448486328,1000,False,9,645,635
ackley,10,adam,22,0.1,,,,8.813155174255371,8.813633918762207,1000,False,2,519,516
ackley,10,adam,23,0.1,,,,8.45166301727295,8.451664924621582,1000,False,12,505,430
ackley,10,adam,24,0.1,,,,8.616249084472656,8.616387367248535,1000,False,21,436,259
ackley,10,adam,25,0.1,,,,7.961682319641113,7.961833953857422,1000,False,3,453,449
ackley,10,adam,26,0.1,,,,9.001068115234375,9.001069068908691,1000,False,3,796,792
ackley,10,adam,27,0.1,,,,9.00107192993164,9.001190185546875,1000,False,1,297,297
ackley,10,adam,28,0.1,,,,9.109835624694824,9.109841346740723,1000,False,22,74,30
ackley,10,adam,29,0.1,,,,8.656399726867676,8.656401634216309,1000,False,4,799,793
ackley,10,pgd,0,0.01,2.5,,5.0,9.216866493225098,20.975048065185547,1000,False,0,0,0
ackley,10,pgd,1,0.01,2.5,,5.0,9.320951461791992,20.542808532714844,1000,False,0,0,0
ackley,10,pgd,2,0.01,2.5,,5.0,8.505093574523926,21.364307403564453,1000,False,0,0,0
ackley,10,pgd,3,0.01,2.5,,5.0,11.267424583435059,20.838863372802734,1000,False,0,0,0
ackley,10,pgd,4,0.01,2.5,,5.0,11.844216346740723,20.98546600341797,1000,False,0,0,0
ackley,10,pgd,5,0.01,2.5,,5.0,12.202536582946777,21.106395721435547,1000,False,0,0,0
ackley,10,pgd,6,0.01,2.5,,5.0,9.378230094909668,21.38433074951172,1000,False,0,0,0
ackley,10,pgd,7,0.01,2.5,,5.0,8.897205352783203,20.607887268066406,1000,False,0,0,0
ackley,10,pgd,8,0.01,2.5,,5.0,10.59640884399414,21.42426300048828,1000,False,0,0,0
ackley,10,pgd,9,0.01,2.5,,5.0,10.178767204284668,21.292118072509766,1000,False,0,0,0
ackley,10,pgd,10,0.01,2.5,,5.0,8.103324890136719,21.20903778076172,1000,False,0,0,0
ackley,10,pgd,11,0.01,2.5,,5.0,10.222259521484375,21.273029327392578,1000,False,0,0,0
ackley,10,pgd,12,0.01,2.5,,5.0,8.567831039428711,20.548145294189453,1000,False,0,0,0
ackley,10,pgd,13,0.01,2.5,,5.0,11.184477806091309,21.672260284423828,1000,False,0,0,0
ackley,10,pgd,14,0.01,2.5,,5.0,11.21647834777832,21.14763641357422,1000,False,0,0,0
ackley,10,pgd,15,0.01,2.5,,5.0,8.055302619934082,21.190147399902344,1000,False,0,0,0
ackley,10,pgd,16,0.01,2.5,,5.0,11.095887184143066,20.48959732055664,1000,False,0,0,0
ackley,10,pgd,17,0.01,2.5,,5.0,10.28077220916748,21.120216369628906,1000,False,0,0,0
ackley,10,pgd,18,0.01,2.5,,5.0,8.609307289123535,21.24907684326172,1000,False,0,0,0
ackley,10,pgd,19,0.01,2.5,,5.0,12.028382301330566,22.004581451416016,1000,False,0,0,0
ackley,10,pgd,20,0.01,2.5,,5.0,10.787385940551758,20.576549530029297,1000,False,0,0,0
ackley,10,pgd,21,0.01,2.5,,5.0,9.25958251953125,21.15191650390625,1000,False,0,0,0
ackley,10,pgd,22,0.01,2.5,,5.0,10.354923248291016,20.042469024658203,1000,False,0,0,0
ackley,10,pgd,23,0.01,2.5,,5.0,10.098320960998535,20.143550872802734,1000,False,0,0,0
ackley,10,pgd,24,0.01,2.5,,5.0,10.124798774719238,21.70108413696289,1000,False,0,0,0
ackley,10,pgd,25,0.01,2.5,,5.0,9.636248588562012,21.59814453125,1000,False,0,0,0
ackley,10,pgd,26,0.01,2.5,,5.0,10.746115684509277,21.23760223388672,1000,False,0,0,0
ackley,10,pgd,27,0.01,2.5,,5.0,10.720714569091797,17.583877563476562,1000,False,0,0,0
ackley,10,pgd,28,0.01,2.5,,5.0,11.046326637268066,21.194202423095703,1000,False,0,0,0
ackley,10,pgd,29,0.01,2.5,,5.0,10.399950981140137,21.049480438232422,1000,False,0,0,0
ackley,10,rpgd,0,0.01,2.5,10.0,5.0,7.8658857345581055,7.865886688232422,1000,False,1,876,876
ackley,10,rpgd,1,0.01,2.5,10.0,5.0,4.884100914001465,4.884100914001465,1000,False,1,840,840
ackley,10,rpgd,2,0.01,2.5,10.0,5.0,4.298439979553223,4.298439979553223,1000,False,1,796,796
ackley,10,rpgd,3,0.01,2.5,10.0,5.0,5.6495866775512695,5.649588584899902,1000,False,2,622,341
ackley,10,rpgd,4,0.01,2.5,10.0,5.0,8.926932334899902,8.926933288574219,1000,False,2,760,440
ackley,10,rpgd,5,0.01,2.5,10.0,5.0,5.473315238952637,5.4733171463012695,1000,False,2,725,665
ackley,10,rpgd,6,0.01,2.5,10.0,5.0,7.767789840698242,7.767790794372559,1000,False,1,860,860
ackley,10,rpgd,7,0.01,2.5,10.0,5.0,5.3815202713012695,5.381522178649902,1000,False,2,708,575
ackley,10,rpgd,8,0.01,2.5,10.0,5.0,5.898808479309082,5.898810386657715,1000,False,2,767,567
ackley,10,rpgd,9,0.01,2.5,10.0,5.0,5.817633628845215,5.817635536193848,1000,False,2,726,673
ackley,10,rpgd,10,0.01,2.5,10.0,5.0,4.029301643371582,4.029303550720215,1000,False,3,631,362
ackley,10,rpgd,11,0.01,2.5,10.0,5.0,4.2981157302856445,4.2981157302856445,1000,False,3,587,433
ackley,10,rpgd,12,0.01,2.5,10.0,5.0,5.091858863830566,5.091860771179199,1000,False,1,767,767
ackley,10,rpgd,13,0.01,2.5,10.0,5.0,5.091858863830566,5.091860771179199,1000,False,3,533,321
ackley,10,rpgd,14,0.01,2.5,10.0,5.0,9.001058578491211,9.001060485839844,1000,False,1,877,877
ackley,10,rpgd,15,0.01,2.5,10.0,5.0,4.820626258850098,4.820626258850098,1000,False,1,811,811
ackley,10,rpgd,16,0.01,2.5,10.0,5.0,6.300107002258301,6.300107002258301,1000,False,1,783,783
ackley,10,rpgd,17,0.01,2.5,10.0,5.0,6.756569862365723,6.7565717697143555,1000,False,1,847,847
ackley,10,rpgd,18,0.01,2.5,10.0,5.0,3.885891914367676,3.885891914367676,1000,False,1,670,670
ackley,10,rpgd,19,0.01,2.5,10.0,5.0,5.191231727600098,5.191231727600098,1000,False,2,600,510
ackley,10,rpgd,20,0.01,2.5,10.0,5.0,2.5799264907836914,2.579928398132324,1000,False,2,530,287
ackley,10,rpgd,21,0.01,2.5,10.0,5.0,5.381863594055176,5.381863594055176,1000,False,1,818,818
ackley,10,rpgd,22,0.01,2.5,10.0,5.0,8.236152648925781,8.236153602600098,1000,False,1,850,850
ackley,10,rpgd,23,0.01,2.5,10.0,5.0,6.559536933898926,6.559536933898926,1000,False,2,736,679
ackley,10,rpgd,24,0.01,2.5,10.0,5.0,4.429818153381348,4.429818153381348,1000,False,2,669,443
ackley,10,rpgd,25,0.01,2.5,10.0,5.0,5.381779670715332,5.381781578063965,1000,False,1,868,868
ackley,10,rpgd,26,0.01,2.5,10.0,5.0,5.473082542419434,5.473084449768066,1000,False,1,712,712
ackley,10,rpgd,27,0.01,2.5,10.0,5.0,4.166733741760254,4.166735649108887,1000,False,3,604,288
ackley,10,rpgd,28,0.01,2.5,10.0,5.0,8.926928520202637,8.926929473876953,1000,False,1,870,870
ackley,10,rpgd,29,0.01,2.5,10.0,5.0,7.180899620056152,7.180899620056152,1000,False,1,814,814
ackley,10,spgd,0,0.01,2.5,10.0,5.0,3.222750663757324,3.222750663757324,1000,False,1,795,795
ackley,10,spgd,1,0.01,2.5,10.0,5.0,3.0265932083129883,3.026595115661621,1000,False,1,778,778
ackley,10,spgd,2,0.01,2.5,10.0,5.0,4.166733741760254,4.166735649108887,1000,False,1,875,875
ackley,10,spgd,3,0.01,2.5,10.0,5.0,2.8143491744995117,2.8143491744995117,1000,False,1,821,821
ackley,10,spgd,4,0.01,2.5,10.0,5.0,3.027106285095215,3.0271081924438477,1000,False,1,794,794
ackley,10,spgd,5,0.01,2.5,10.0,5.0,2.5799264907836914,2.5799264907836914,1000,False,2,666,433
ackley,10,spgd,6,0.01,2.5,10.0,5.0,4.545443534851074,4.545445442199707,1000,False,1,842,842
ackley,10,spgd,7,0.01,2.5,10.0,5.0,2.316847801208496,2.316847801208496,1000,False,2,700,520
ackley,10,spgd,8,0.01,2.5,10.0,5.0,3.027106285095215,3.0271081924438477,1000,False,2,726,392
ackley,10,spgd,9,0.01,2.5,10.0,5.0,3.222750663757324,3.222750663757324,1000,False,1,804,804
ackley,10,spgd,10,0.01,2.5,10.0,5.0,3.222750663757324,3.222750663757324,1000,False,1,833,833
ackley,10,spgd,11,0.01,2.5,10.0,5.0,3.7343664169311523,3.7343664169311523,1000,False,2,738,539
ackley,10,spgd,12,0.01,2.5,10.0,5.0,4.0297746658325195,4.0297746658325195,1000,False,1,823,823
ackley,10,spgd,13,0.01,2.5,10.0,5.0,2.0133142471313477,2.0133161544799805,1000,False,2,672,609
ackley,10,spgd,14,0.01,2.5,10.0,5.0,3.2223806381225586,3.2223825454711914,1000,False,2,727,718
ackley,10,spgd,15,0.01,2.5,10.0,5.0,2.5799264907836914,2.579928398132324,1000,False,1,817,817
ackley,10,spgd,16,0.01,2.5,10.0,5.0,4.166733741760254,4.166735649108887,1000,False,1,810,810
ackley,10,spgd,17,0.01,2.5,10.0,5.0,3.027106285095215,3.0271081924438477,1000,False,2,705,665
ackley,10,spgd,18,0.01,2.5,10.0,5.0,2.5799264907836914,2.5799264907836914,1000,False,2,715,389
ackley,10,spgd,19,0.01,2.5,10.0,5.0,3.734198570251465,3.734198570251465,1000,False,2,666,414
ackley,10,spgd,20,0.01,2.5,10.0,5.0,3.5742387771606445,3.5742406845092773,1000,False,1,811,811
ackley,10,spgd,21,0.01,2.5,10.0,5.0,3.5742387771606445,3.5742387771606445,1000,False,1,867,867
ackley,10,spgd,22,0.01,2.5,10.0,5.0,2.5799264907836914,2.5799264907836914,1000,False,2,651,584
ackley,10,spgd,23,0.01,2.5,10.0,5.0,3.7343664169311523,3.734368324279785,1000,False,1,821,821
ackley,10,spgd,24,0.01,2.5,10.0,5.0,3.4041566848754883,3.4041566848754883,1000,False,2,699,614
ackley,10,spgd,25,0.01,2.5,10.0,5.0,2.5799264907836914,2.579928398132324,1000,False,2,709,588
ackley,10,spgd,26,0.01,2.5,10.0,5.0,3.7343664169311523,3.7343664169311523,1000,False,2,710,551
ackley,10,spgd,27,0.01,2.5,10.0,5.0,4.167122840881348,4.167122840881348,1000,False,1,843,843
ackley,10,spgd,28,0.01,2.5,10.0,5.0,2.5799264907836914,2.5799264907836914,1000,False,2,686,683
ackley,10,spgd,29,0.01,2.5,10.0,5.0,3.4041566848754883,3.404158592224121,1000,False,1,856,856
ackley,50,sgd,0,0.01,,,,8.624313354492188,8.62431526184082,1000,False,1,319,319
ackley,50,sgd,1,0.01,,,,8.128572463989258,8.128573417663574,1000,False,1,214,214
ackley,50,sgd,2,0.01,,,,7.371641159057617,7.371642112731934,1000,False,1,340,340
ackley,50,sgd,3,0.01,,,,9.073902130126953,9.07390308380127,1000,False,1,316,316
ackley,50,sgd,4,0.01,,,,9.31915283203125,9.319153785705566,1000,False,1,337,337
ackley,50,sgd,5,0.01,,,,9.537758827209473,9.537758827209473,1000,False,1,254,254
ackley,50,sgd,6,0.01,,,,8.008722305297852,8.008723258972168,1000,False,1,172,172
ackley,50,sgd,7,0.01,,,,8.191691398620605,8.191695213317871,1000,False,1,115,115
ackley,50,sgd,8,0.01,,,,8.866634368896484,8.866637229919434,1000,False,1,341,341
ackley,50,sgd,9,0.01,,,,8.28020191192627,8.280203819274902,1000,False,1,258,258
ackley,50,sgd,10,0.01,,,,8.485102653503418,8.485102653503418,1000,False,1,227,227
ackley,50,sgd,11,0.01,,,,8.375393867492676,8.375395774841309,1000,False,1,364,364
ackley,50,sgd,12,0.01,,,,7.856200218200684,7.856201171875,1000,False,1,263,263
ackley,50,sgd,13,0.01,,,,9.201848030090332,9.201849937438965,1000,False,1,105,105
ackley,50,sgd,14,0.01,,,,8.323736190795898,8.323738098144531,1000,False,1,299,299
ackley,50,sgd,15,0.01,,,,8.200621604919434,8.20062255859375,1000,False,1,311,311
ackley,50,sgd,16,0.01,,,,9.518357276916504,9.518359184265137,1000,False,1,296,296
ackley,50,sgd,17,0.01,,,,9.00106430053711,9.001065254211426,1000,False,1,323,323
ackley,50,sgd,18,0.01,,,,8.392462730407715,8.392463684082031,1000,False,1,230,230
ackley,50,sgd,19,0.01,,,,9.173754692077637,9.173757553100586,1000,False,1,240,240
ackley,50,sgd,20,0.01,,,,8.534786224365234,8.534788131713867,1000,False,1,194,194
ackley,50,sgd,21,0.01,,,,9.173749923706055,9.173751831054688,1000,False,1,309,309
ackley,50,sgd,22,0.01,,,,8.27143383026123,8.27143383026123,1000,False,1,361,361
ackley,50,sgd,23,0.01,,,,8.28894329071045,8.288944244384766,1000,False,1,235,235
ackley,50,sgd,24,0.01,,,,8.956738471984863,8.956740379333496,1000,False,1,266,266
ackley,50,sgd,25,0.01,,,,8.648397445678711,8.648398399353027,1000,False,1,314,314
ackley,50,sgd,26,0.01,,,,9.284996032714844,9.28499698638916,1000,False,1,211,211
ackley,50,sgd,27,0.01,,,,8.12859058380127,8.12859058380127,1000,False,1,305,305
ackley,50,sgd,28,0.01,,,,8.874210357666016,8.874213218688965,1000,False,1,238,238
ackley,50,sgd,29,0.01,,,,8.315070152282715,8.315070152282715,1000,False,1,273,273
ackley,50,adam,0,0.1,,,,8.624313354492188,8.624327659606934,1000,False,7,489,482
ackley,50,adam,1,0.1,,,,8.128571510314941,8.128600120544434,1000,False,1,432,432
ackley,50,adam,2,0.1,,,,7.371641159057617,7.3717241287231445,1000,False,8,443,391
ackley,50,adam,3,0.1,,,,9.073902130126953,9.073945045471191,1000,False,15,238,148
ackley,50,adam,4,0.1,,,,9.31915283203125,9.319159507751465,1000,False,9,293,231
ackley,50,adam,5,0.1,,,,9.479278564453125,9.479333877563477,1000,False,20,233,141
ackley,50,adam,6,0.1,,,,8.008721351623535,8.008752822875977,1000,False,10,308,256
ackley,50,adam,7,0.1,,,,8.110373497009277,8.110505104064941,1000,False,10,226,133
ackley,50,adam,8,0.1,,,,8.866634368896484,8.866673469543457,1000,False,9,171,130
ackley,50,adam,9,0.1,,,,8.253849983215332,8.253860473632812,1000,False,14,314,128
ackley,50,adam,10,0.1,,,,8.485101699829102,8.485137939453125,1000,False,29,187,79
ackley,50,adam,11,0.1,,,,8.375393867492676,8.375414848327637,1000,False,5,354,339
ackley,50,adam,12,0.1,,,,7.856200218200684,7.856222152709961,1000,False,9,391,267
ackley,50,adam,13,0.1,,,,9.138370513916016,9.138406753540039,1000,False,0,0,0
ackley,50,adam,14,0.1,,,,8.323737144470215,8.323740005493164,1000,False,1,564,564
ackley,50,adam,15,0.1,,,,8.119481086730957,8.119500160217285,1000,False,2,396,395
ackley,50,adam,16,0.1,,,,9.518357276916504,9.518372535705566,1000,False,11,424,281
ackley,50,adam,17,0.1,,,,9.00106430053711,9.001066207885742,1000,False,1,718,718
ackley,50,adam,18,0.1,,,,8.392462730407715,8.392572402954102,1000,False,1,271,271
ackley,50,adam,19,0.1,,,,9.152560234069824,9.15256404876709,1000,False,3,389,386
ackley,50,adam,20,0.1,,,,8.392468452453613,8.392666816711426,1000,False,22,401,165
ackley,50,adam,21,0.1,,,,9.124123573303223,9.124129295349121,1000,False,16,138,105
ackley,50,adam,22,0.1,,,,8.27143383026123,8.272269248962402,1000,False,9,457,445
ackley,50,adam,23,0.1,,,,8.209553718566895,8.209568977355957,1000,False,10,332,198
ackley,50,adam,24,0.1,,,,8.90441608428955,8.90453052520752,1000,False,11,203,88
ackley,50,adam,25,0.1,,,,8.648396492004395,8.648416519165039,1000,False,21,296,235
ackley,50,adam,26,0.1,,,,9.284996032714844,9.285014152526855,1000,False,2,728,727
ackley,50,adam,27,0.1,,,,8.12859058380127,8.128607749938965,1000,False,25,171,58
ackley,50,adam,28,0.1,,,,8.680282592773438,8.680286407470703,1000,False,10,17,6
ackley,50,adam,29,0.1,,,,8.2538480758667,8.253897666931152,1000,False,15,33,13
ackley,50,pgd,0,0.01,2.5,,5.0,10.310744285583496,21.353870391845703,1000,False,0,0,0
ackley,50,pgd,1,0.01,2.5,,5.0,9.911737442016602,21.389846801757812,1000,False,0,0,0
ackley,50,pgd,2,0.01,2.5,,5.0,9.206273078918457,21.51813507080078,1000,False,0,0,0
ackley,50,pgd,3,0.01,2.5,,5.0,11.040681838989258,21.197460174560547,1000,False,0,0,0
ackley,50,pgd,4,0.01,2.5,,5.0,10.873374938964844,21.345638275146484,1000,False,0,0,0
ackley,50,pgd,5,0.01,2.5,,5.0,11.357678413391113,21.290035247802734,1000,False,0,0,0
ackley,50,pgd,6,0.01,2.5,,5.0,9.757367134094238,21.44470977783203,1000,False,0,0,0
ackley,50,pgd,7,0.01,2.5,,5.0,10.101175308227539,21.390869140625,1000,False,0,0,0
ackley,50,pgd,8,0.01,2.5,,5.0,10.498190879821777,21.512298583984375,1000,False,0,0,0
ackley,50,pgd,9,0.01,2.5,,5.0,10.225956916809082,21.128070831298828,1000,False,0,0,0
ackley,50,pgd,10,0.01,2.5,,5.0,10.241527557373047,21.29224395751953,1000,False,0,0,0
ackley,50,pgd,11,0.01,2.5,,5.0,10.134478569030762,21.364788055419922,1000,False,0,0,0
ackley,50,pgd,12,0.01,2.5,,5.0,9.878050804138184,21.36756134033203,1000,False,0,0,0
ackley,50,pgd,13,0.01,2.5,,5.0,10.991960525512695,21.26480484008789,1000,False,0,0,0
ackley,50,pgd,14,0.01,2.5,,5.0,10.36684513092041,21.434654235839844,1000,False,0,0,0
ackley,50,pgd,15,0.01,2.5,,5.0,9.64150333404541,21.231456756591797,1000,False,0,0,0
ackley,50,pgd,16,0.01,2.5,,5.0,11.253693580627441,21.50780487060547,1000,False,0,0,0
ackley,50,pgd,17,0.01,2.5,,5.0,10.492348670959473,21.441211700439453,1000,False,0,0,0
ackley,50,pgd,18,0.01,2.5,,5.0,10.161516189575195,21.419918060302734,1000,False,0,0,0
ackley,50,pgd,19,0.01,2.5,,5.0,10.88528060913086,21.358654022216797,1000,False,0,0,0
ackley,50,pgd,20,0.01,2.5,,5.0,10.33257007598877,21.490943908691406,1000,False,0,0,0
ackley,50,pgd,21,0.01,2.5,,5.0,10.651541709899902,21.365001678466797,1000,False,0,0,0
ackley,50,pgd,22,0.01,2.5,,5.0,9.902364730834961,21.531574249267578,1000,False,0,0,0
ackley,50,pgd,23,0.01,2.5,,5.0,9.918575286865234,21.604110717773438,1000,False,0,0,0
ackley,50,pgd,24,0.01,2.5,,5.0,10.704276084899902,21.449485778808594,1000,False,0,0,0
ackley,50,pgd,25,0.01,2.5,,5.0,10.491848945617676,21.32013702392578,1000,False,0,0,0
ackley,50,pgd,26,0.01,2.5,,5.0,10.8688325881958,21.043624877929688,1000,False,0,0,0
ackley,50,pgd,27,0.01,2.5,,5.0,9.807591438293457,21.103778839111328,1000,False,0,0,0
ackley,50,pgd,28,0.01,2.5,,5.0,10.76077651977539,21.278255462646484,1000,False,0,0,0
ackley,50,pgd,29,0.01,2.5,,5.0,9.996598243713379,21.3197021484375,1000,False,0,0,0
ackley,50,rpgd,0,0.01,2.5,10.0,5.0,8.624313354492188,8.62431526184082,1000,False,1,319,319
ackley,50,rpgd,1,0.01,2.5,10.0,5.0,8.128572463989258,8.128573417663574,1000,False,1,214,214
ackley,50,rpgd,2,0.01,2.5,10.0,5.0,7.371641159057617,7.371642112731934,1000,False,1,340,340
ackley,50,rpgd,3,0.01,2.5,10.0,5.0,9.073902130126953,9.07390308380127,1000,False,1,316,316
ackley,50,rpgd,4,0.01,2.5,10.0,5.0,9.31915283203125,9.319153785705566,1000,False,1,337,337
ackley,50,rpgd,5,0.01,2.5,10.0,5.0,9.645995140075684,9.64599609375,1000,False,1,204,204
ackley,50,rpgd,6,0.01,2.5,10.0,5.0,8.008722305297852,8.008723258972168,1000,False,1,172,172
ackley,50,rpgd,7,0.01,2.5,10.0,5.0,8.20061206817627,8.20061206817627,1000,False,1,333,333
ackley,50,rpgd,8,0.01,2.5,10.0,5.0,7.894845008850098,7.8948469161987305,1000,False,1,243,243
ackley,50,rpgd,9,0.01,2.5,10.0,5.0,8.28020191192627,8.280203819274902,1000,False,1,258,258
ackley,50,rpgd,10,0.01,2.5,10.0,5.0,8.244979858398438,8.244979858398438,1000,False,1,311,311
ackley,50,rpgd,11,0.01,2.5,10.0,5.0,8.375393867492676,8.375395774841309,1000,False,1,364,364
ackley,50,rpgd,12,0.01,2.5,10.0,5.0,7.933160781860352,7.933161735534668,1000,False,1,273,273
ackley,50,rpgd,13,0.01,2.5,10.0,5.0,9.201848030090332,9.201849937438965,1000,False,1,105,105
ackley,50,rpgd,14,0.01,2.5,10.0,5.0,7.646864891052246,7.646864891052246,1000,False,1,332,332
ackley,50,rpgd,15,0.01,2.5,10.0,5.0,8.200621604919434,8.20062255859375,1000,False,1,311,311
ackley,50,rpgd,16,0.01,2.5,10.0,5.0,8.008694648742676,8.008696556091309,1000,False,1,74,74
ackley,50,rpgd,17,0.01,2.5,10.0,5.0,9.00106430053711,9.001065254211426,1000,False,1,323,323
ackley,50,rpgd,18,0.01,2.5,10.0,5.0,8.392462730407715,8.392463684082031,1000,False,1,230,230
ackley,50,rpgd,19,0.01,2.5,10.0,5.0,9.173754692077637,9.173757553100586,1000,False,1,240,240
ackley,50,rpgd,20,0.01,2.5,10.0,5.0,8.534786224365234,8.534788131713867,1000,False,1,194,194
ackley,50,rpgd,21,0.01,2.5,10.0,5.0,9.173749923706055,9.173751831054688,1000,False,1,309,309
ackley,50,rpgd,22,0.01,2.5,10.0,5.0,8.27143383026123,8.27143383026123,1000,False,1,361,361
ackley,50,rpgd,23,0.01,2.5,10.0,5.0,8.28894329071045,8.288944244384766,1000,False,1,235,235
ackley,50,rpgd,24,0.01,2.5,10.0,5.0,8.509984016418457,8.50998592376709,1000,False,1,235,235
ackley,50,rpgd,25,0.01,2.5,10.0,5.0,8.648397445678711,8.648398399353027,1000,False,1,314,314
ackley,50,rpgd,26,0.01,2.5,10.0,5.0,9.284996032714844,9.28499698638916,1000,False,1,211,211
ackley,50,rpgd,27,0.01,2.5,10.0,5.0,8.12859058380127,8.12859058380127,1000,False,1,305,305
ackley,50,rpgd,28,0.01,2.5,10.0,5.0,8.874210357666016,8.874213218688965,1000,False,1,238,238
ackley,50,rpgd,29,0.01,2.5,10.0,5.0,8.315070152282715,8.315070152282715,1000,False,1,273,273
ackley,50,spgd,0,0.01,2.5,10.0,5.0,6.086611747741699,6.086613655090332,1000,False,1,168,168
ackley,50,spgd,1,0.01,2.5,10.0,5.0,7.914037704467773,7.91403865814209,1000,False,1,264,264
ackley,50,spgd,2,0.01,2.5,10.0,5.0,6.613045692443848,6.613045692443848,1000,False,1,284,284
ackley,50,spgd,3,0.01,2.5,10.0,5.0,9.492340087890625,9.492341995239258,1000,False,1,262,262
ackley,50,spgd,4,0.01,2.5,10.0,5.0,9.312335014343262,9.312335968017578,1000,False,1,275,275
ackley,50,spgd,5,0.01,2.5,10.0,5.0,8.358210563659668,8.358211517333984,1000,False,1,236,236
ackley,50,spgd,6,0.01,2.5,10.0,5.0,7.327579498291016,7.327580451965332,1000,False,1,385,385
ackley,50,spgd,7,0.01,2.5,10.0,5.0,7.436823844909668,7.436825752258301,1000,False,1,160,160
ackley,50,spgd,8,0.01,2.5,10.0,5.0,7.797435760498047,7.797435760498047,1000,False,1,261,261
ackley,50,spgd,9,0.01,2.5,10.0,5.0,8.101212501525879,8.101213455200195,1000,False,1,344,344
ackley,50,spgd,10,0.01,2.5,10.0,5.0,7.83665657043457,7.836657524108887,1000,False,1,257,257
ackley,50,spgd,11,0.01,2.5,10.0,5.0,7.064253807067871,7.064253807067871,1000,False,1,249,249
ackley,50,spgd,12,0.01,2.5,10.0,5.0,7.856200218200684,7.856201171875,1000,False,1,263,263
ackley,50,spgd,13,0.01,2.5,10.0,5.0,8.518279075622559,8.518279075622559,1000,False,1,315,315
ackley,50,spgd,14,0.01,2.5,10.0,5.0,8.33236026763916,8.332362174987793,1000,False,1,366,366
ackley,50,spgd,15,0.01,2.5,10.0,5.0,8.200621604919434,8.20062255859375,1000,False,1,311,311
ackley,50,spgd,16,0.01,2.5,10.0,5.0,9.492339134216309,9.492341041564941,1000,False,1,334,334
ackley,50,spgd,17,0.01,2.5,10.0,5.0,8.90441608428955,8.904417037963867,1000,False,1,271,271
ackley,50,spgd,18,0.01,2.5,10.0,5.0,7.807310104370117,7.807311058044434,1000,False,1,379,379
ackley,50,spgd,19,0.01,2.5,10.0,5.0,8.23615550994873,8.236156463623047,1000,False,1,364,364
ackley,50,spgd,20,0.01,2.5,10.0,5.0,7.836701393127441,7.836703300476074,1000,False,1,351,351
ackley,50,spgd,21,0.01,2.5,10.0,5.0,7.501008033752441,7.501008033752441,1000,False,1,104,104
ackley,50,spgd,22,0.01,2.5,10.0,5.0,8.008667945861816,8.008668899536133,1000,False,1,321,321
ackley,50,spgd,23,0.01,2.5,10.0,5.0,8.28894329071045,8.288944244384766,1000,False,1,235,235
ackley,50,spgd,24,0.01,2.5,10.0,5.0,8.485078811645508,8.485079765319824,1000,False,1,279,279
ackley,50,spgd,25,0.01,2.5,10.0,5.0,8.101211547851562,8.101213455200195,1000,False,1,351,351
ackley,50,spgd,26,0.01,2.5,10.0,5.0,8.280145645141602,8.280146598815918,1000,False,1,296,296
ackley,50,spgd,27,0.01,2.5,10.0,5.0,6.870110511779785,6.870112419128418,1000,False,1,174,174
ackley,50,spgd,28,0.01,2.5,10.0,5.0,6.943906784057617,6.943907737731934,1000,False,1,231,231
ackley,50,spgd,29,0.01,2.5,10.0,5.0,8.018061637878418,8.018062591552734,1000,False,1,290,290
rosenbrock,2,sgd,0,0.001,,,,0.11291493475437164,0.11291493475437164,1000,False,0,0,0
rosenbrock,2,sgd,1,0.001,,,,0.10209889709949493,0.10209889709949493,1000,False,0,0,0
rosenbrock,2,sgd,2,0.001,,,,0.09504610300064087,0.09504610300064087,1000,False,0,0,0
rosenbrock,2,sgd,3,0.001,,,,3302.41455078125,,1000,False,0,0,0
rosenbrock,2,sgd,4,0.001,,,,0.07871398329734802,0.07871398329734802,1000,False,0,0,0
rosenbrock,2,sgd,5,0.001,,,,0.11249706894159317,0.11249706894159317,1000,False,0,0,0
rosenbrock,2,sgd,6,0.001,,,,0.0749049037694931,0.0749049037694931,1000,False,0,0,0
rosenbrock,2,sgd,7,0.001,,,,0.10716122388839722,0.10716122388839722,1000,False,0,0,0
rosenbrock,2,sgd,8,0.001,,,,0.0009258920908905566,0.0009258920908905566,6,True,0,0,0
rosenbrock,2,sgd,9,0.001,,,,0.10019397735595703,0.10019397735595703,1000,False,0,0,0
rosenbrock,2,sgd,10,0.001,,,,0.1178804263472557,0.1178804263472557,1000,False,0,0,0
rosenbrock,2,sgd,11,0.001,,,,0.13699553906917572,0.13699553906917572,1000,False,0,0,0
rosenbrock,2,sgd,12,0.001,,,,0.10848932713270187,0.10848932713270187,1000,False,0,0,0
rosenbrock,2,sgd,13,0.001,,,,0.06343045830726624,0.06343045830726624,1000,False,0,0,0
rosenbrock,2,sgd,14,0.001,,,,0.10800646245479584,0.10800646245479584,1000,False,0,0,0
rosenbrock,2,sgd,15,0.001,,,,0.11350303888320923,0.11350303888320923,1000,False,0,0,0
rosenbrock,2,sgd,16,0.001,,,,0.24596063792705536,0.24596063792705536,1000,False,0,0,0
rosenbrock,2,sgd,17,0.001,,,,0.13203510642051697,0.13203510642051697,1000,False,0,0,0
rosenbrock,2,sgd,18,0.001,,,,0.10785865783691406,0.10785865783691406,1000,False,0,0,0
rosenbrock,2,sgd,19,0.001,,,,0.0202670656144619,0.0202670656144619,1000,False,0,0,0
rosenbrock,2,sgd,20,0.001,,,,0.10700723528862,0.10700723528862,1000,False,0,0,0
rosenbrock,2,sgd,21,0.001,,,,0.1253402829170227,0.1253402829170227,1000,False,0,0,0
rosenbrock,2,sgd,22,0.001,,,,0.2434365153312683,0.2434365153312683,1000,False,0,0,0
rosenbrock,2,sgd,23,0.001,,,,0.11063188314437866,0.11063188314437866,1000,False,0,0,0
rosenbrock,2,sgd,24,0.001,,,,0.08899035304784775,0.08899035304784775,1000,False,0,0,0
rosenbrock,2,sgd,25,0.001,,,,0.10666673630475998,0.10666673630475998,1000,False,0,0,0
rosenbrock,2,sgd,26,0.001,,,,0.03686092048883438,0.03686092048883438,1000,False,0,0,0
rosenbrock,2,sgd,27,0.001,,,,3182.287109375,,1000,False,0,0,0
rosenbrock,2,sgd,28,0.001,,,,0.010451171547174454,0.010451171547174454,1000,False,0,0,0
rosenbrock,2,sgd,29,0.001,,,,2.2106306552886963,2.2106306552886963,1000,False,0,0,0
rosenbrock,2,adam,0,0.01,,,,1.891858696937561,1.891858696937561,1000,False,0,0,0
rosenbrock,2,adam,1,0.01,,,,0.38167592883110046,0.38167592883110046,1000,False,0,0,0
rosenbrock,2,adam,2,0.01,,,,0.20625296235084534,0.20625296235084534,1000,False,0,0,0
rosenbrock,2,adam,3,0.01,,,,2.5547454357147217,2.5547454357147217,1000,False,0,0,0
rosenbrock,2,adam,4,0.01,,,,0.006651925854384899,0.006651925854384899,916,True,0,0,0
rosenbrock,2,adam,5,0.01,,,,0.46129244565963745,0.46129244565963745,1000,False,0,0,0
rosenbrock,2,adam,6,0.01,,,,0.0018021240830421448,0.0018021240830421448,727,True,0,0,0
rosenbrock,2,adam,7,0.01,,,,0.29734641313552856,0.29734641313552856,1000,False,0,0,0
rosenbrock,2,adam,8,0.01,,,,0.0011695096036419272,0.0011695096036419272,70,True,0,0,0
rosenbrock,2,adam,9,0.01,,,,0.41504108905792236,0.41504108905792236,1000,False,0,0,0
rosenbrock,2,adam,10,0.01,,,,0.00039324574754573405,0.00039324574754573405,600,True,0,0,0
rosenbrock,2,adam,11,0.01,,,,2.9840147495269775,2.9840147495269775,1000,False,0,0,0
rosenbrock,2,adam,12,0.01,,,,0.26706916093826294,0.26706916093826294,1000,False,0,0,0
rosenbrock,2,adam,13,0.01,,,,3.4392809867858887,3.4392809867858887,1000,False,0,0,0
rosenbrock,2,adam,14,0.01,,,,0.5212664008140564,0.5212664008140564,1000,False,0,0,0
rosenbrock,2,adam,15,0.01,,,,0.9141760468482971,0.9141760468482971,1000,False,0,0,0
rosenbrock,2,adam,16,0.01,,,,3.3241770267486572,3.3241770267486572,1000,False,0,0,0
rosenbrock,2,adam,17,0.01,,,,2.126972503901925e-05,2.126972503901925e-05,475,True,0,0,0
rosenbrock,2,adam,18,0.01,,,,0.004296295344829559,0.004296295344829559,834,True,0,0,0
rosenbrock,2,adam,19,0.01,,,,0.10461053997278214,0.10461053997278214,1000,False,0,0,0
rosenbrock,2,adam,20,0.01,,,,0.3601367175579071,0.3601367175579071,1000,False,0,0,0
rosenbrock,2,adam,21,0.01,,,,0.09991021454334259,0.09991021454334259,1000,False,0,0,0
rosenbrock,2,adam,22,0.01,,,,0.48263391852378845,0.48263391852378845,1000,False,0,0,0
rosenbrock,2,adam,23,0.01,,,,0.2663151025772095,0.2663151025772095,1000,False,0,0,0
rosenbrock,2,adam,24,0.01,,,,0.22206251323223114,0.22206251323223114,1000,False,0,0,0
rosenbrock,2,adam,25,0.01,,,,0.5381708741188049,0.5381708741188049,1000,False,0,0,0
rosenbrock,2,adam,26,0.01,,,,0.014177066273987293,0.014177066273987293,1000,False,0,0,0
rosenbrock,2,adam,27,0.01,,,,0.1799740046262741,0.1799740046262741,1000,False,0,0,0
rosenbrock,2,adam,28,0.01,,,,0.020164581015706062,0.020164581015706062,1000,False,0,0,0
rosenbrock,2,adam,29,0.01,,,,3.926952600479126,3.926952600479126,1000,False,0,0,0
rosenbrock,2,pgd,0,0.001,1.0,,5.0,6.181880962685682e-06,4.893184661865234,40,True,0,0,0
rosenbrock,2,pgd,1,0.001,1.0,,5.0,1.1722017916326877e-05,0.05590779334306717,144,True,0,0,0
rosenbrock,2,pgd,2,0.001,1.0,,5.0,2.6782710847328417e-05,0.04414668306708336,335,True,0,0,0
rosenbrock,2,pgd,3,0.001,1.0,,5.0,3302.41455078125,,1000,False,0,0,0
rosenbrock,2,pgd,4,0.001,1.0,,5.0,3.9141860952440766e-07,3.211751699447632,33,True,0,0,0
rosenbrock,2,pgd,5,0.001,1.0,,5.0,0.00015000875282566994,16.214448928833008,43,True,0,0,0
rosenbrock,2,pgd,6,0.001,1.0,,5.0,0.0002756312023848295,,114,True,0,0,0
rosenbrock,2,pgd,7,0.001,1.0,,5.0,2.6253437681589276e-05,0.6471964120864868,75,True,0,0,0
rosenbrock,2,pgd,8,0.001,1.0,,5.0,0.0002847360447049141,6.572714805603027,157,True,0,0,0
rosenbrock,2,pgd,9,0.001,1.0,,5.0,6.312778714345768e-05,0.008691908791661263,17,True,0,0,0
rosenbrock,2,pgd,10,0.001,1.0,,5.0,0.00022566858388017863,0.7244453430175781,140,True,0,0,0
rosenbrock,2,pgd,11,0.001,1.0,,5.0,1.0111945812241174e-05,0.5044648051261902,58,True,0,0,0
rosenbrock,2,pgd,12,0.001,1.0,,5.0,6.336242222459987e-06,2.116008758544922,264,True,0,0,0
rosenbrock,2,pgd,13,0.001,1.0,,5.0,0.00038787160883657634,9.699177742004395,410,True,0,0,0
rosenbrock,2,pgd,14,0.001,1.0,,5.0,4.215220542391762e-06,12.003207206726074,19,True,0,0,0
rosenbrock,2,pgd,15,0.001,1.0,,5.0,9.58111195359379e-05,0.4684387147426605,450,True,0,0,0
rosenbrock,2,pgd,16,0.001,1.0,,5.0,2.329774906684179e-05,2.715029001235962,298,True,0,0,0
rosenbrock,2,pgd,17,0.001,1.0,,5.0,0.0002625842171255499,3.6458580493927,275,True,0,0,0
rosenbrock,2,pgd,18,0.001,1.0,,5.0,3.91479716199683e-06,2.5065338611602783,59,True,0,0,0
rosenbrock,2,pgd,19,0.001,1.0,,5.0,2.2585756596527062e-05,0.04623379185795784,92,True,0,0,0
rosenbrock,2,pgd,20,0.001,1.0,,5.0,0.0005815796903334558,9.317961692810059,465,True,0,0,0
rosenbrock,2,pgd,21,0.001,1.0,,5.0,0.0001107855059672147,0.0014269518433138728,128,True,0,0,0
rosenbrock,2,pgd,22,0.001,1.0,,5.0,9.129467798629776e-06,1.5374228954315186,29,True,0,0,0
rosenbrock,2,pgd,23,0.001,1.0,,5.0,1.1803718962255516e-06,3.5910520553588867,150,True,0,0,0
rosenbrock,2,pgd,24,0.001,1.0,,5.0,1.4369995369634125e-05,9.477919578552246,100,True,0,0,0
rosenbrock,2,pgd,25,0.001,1.0,,5.0,0.0001623877469683066,0.49424514174461365,153,True,0,0,0
rosenbrock,2,pgd,26,0.001,1.0,,5.0,0.001302975695580244,,208,True,0,0,0
rosenbrock,2,pgd,27,0.001,1.0,,5.0,3182.287109375,,1000,False,0,0,0
rosenbrock,2,pgd,28,0.001,1.0,,5.0,9.489806689089164e-05,0.7189074754714966,7,True,0,0,0
rosenbrock,2,pgd,29,0.001,1.0,,5.0,3.835120878648013e-05,6.100099086761475,269,True,0,0,0
rosenbrock,2,rpgd,0,0.001,1.0,10.0,5.0,0.08864292502403259,0.08864292502403259,1000,False,0,0,0
rosenbrock,2,rpgd,1,0.001,1.0,10.0,5.0,0.00030989019433036447,0.00030989019433036447,86,True,0,0,0
rosenbrock,2,rpgd,2,0.001,1.0,10.0,5.0,0.0017549516633152962,0.0017549516633152962,412,True,0,0,0
rosenbrock,2,rpgd,3,0.001,1.0,10.0,5.0,3302.41455078125,,1000,False,0,0,0
rosenbrock,2,rpgd,4,0.001,1.0,10.0,5.0,0.04458891600370407,0.04458891600370407,1000,False,0,0,0
rosenbrock,2,rpgd,5,0.001,1.0,10.0,5.0,3.958787056035362e-05,3.958787056035362e-05,887,True,0,0,0
rosenbrock,2,rpgd,6,0.001,1.0,10.0,5.0,0.0009233479504473507,0.0009233479504473507,376,True,0,0,0
rosenbrock,2,rpgd,7,0.001,1.0,10.0,5.0,0.0025082267820835114,0.0025082267820835114,36,True,0,0,0
rosenbrock,2,rpgd,8,0.001,1.0,10.0,5.0,0.0009258920908905566,0.0009258920908905566,6,True,0,0,0
rosenbrock,2,rpgd,9,0.001,1.0,10.0,5.0,1.4401369298866484e-05,1.4401369298866484e-05,881,True,0,0,0
rosenbrock,2,rpgd,10,0.001,1.0,10.0,5.0,0.0005393127212300897,0.0005393127212300897,542,True,0,0,0
rosenbrock,2,rpgd,11,0.001,1.0,10.0,5.0,0.014062697067856789,0.014062697067856789,1000,False,0,0,0
rosenbrock,2,rpgd,12,0.001,1.0,10.0,5.0,0.0015964829362928867,0.0015964829362928867,437,True,0,0,0
rosenbrock,2,rpgd,13,0.001,1.0,10.0,5.0,0.014911677688360214,0.014911677688360214,1000,False,0,0,0
rosenbrock,2,rpgd,14,0.001,1.0,10.0,5.0,0.009207865223288536,0.009207865223288536,958,True,0,0,0
rosenbrock,2,rpgd,15,0.001,1.0,10.0,5.0,0.006226903758943081,0.006226903758943081,631,True,0,0,0
rosenbrock,2,rpgd,16,0.001,1.0,10.0,5.0,0.022015145048499107,0.022015145048499107,1000,False,0,0,0
rosenbrock,2,rpgd,17,0.001,1.0,10.0,5.0,0.011141168884932995,0.011141168884932995,1000,False,0,0,0
rosenbrock,2,rpgd,18,0.001,1.0,10.0,5.0,0.08956926316022873,0.08956926316022873,1000,False,0,0,0
rosenbrock,2,rpgd,19,0.001,1.0,10.0,5.0,1.2457295497370069e-06,1.2457295497370069e-06,312,True,0,0,0
rosenbrock,2,rpgd,20,0.001,1.0,10.0,5.0,0.017326507717370987,0.017326507717370987,1000,False,0,0,0
rosenbrock,2,rpgd,21,0.001,1.0,10.0,5.0,0.006408912129700184,0.006408912129700184,562,True,0,0,0
rosenbrock,2,rpgd,22,0.001,1.0,10.0,5.0,0.03852228820323944,0.03852228820323944,1000,False,0,0,0
rosenbrock,2,rpgd,23,0.001,1.0,10.0,5.0,0.00011790046846726909,0.00011790046846726909,177,True,0,0,0
rosenbrock,2,rpgd,24,0.001,1.0,10.0,5.0,0.006637547165155411,0.006637547165155411,558,True,0,0,0
rosenbrock,2,rpgd,25,0.001,1.0,10.0,5.0,6.883519381517544e-05,6.883519381517544e-05,586,True,0,0,0
rosenbrock,2,rpgd,26,0.001,1.0,10.0,5.0,0.03686092048883438,0.03686092048883438,1000,False,0,0,0
rosenbrock,2,rpgd,27,0.001,1.0,10.0,5.0,3182.287109375,,1000,False,0,0,0
rosenbrock,2,rpgd,28,0.001,1.0,10.0,5.0,0.010451171547174454,0.010451171547174454,1000,False,0,0,0
rosenbrock,2,rpgd,29,0.001,1.0,10.0,5.0,0.0020970525220036507,0.0020970525220036507,436,True,0,0,0
rosenbrock,2,spgd,0,0.001,1.0,10.0,5.0,0.0006276371423155069,0.0006276371423155069,86,True,0,0,0
rosenbrock,2,spgd,1,0.001,1.0,10.0,5.0,0.00025794209796004,0.00025794209796004,331,True,0,0,0
rosenbrock,2,spgd,2,0.001,1.0,10.0,5.0,0.0014673128025606275,0.0014673128025606275,431,True,0,0,0
rosenbrock,2,spgd,3,0.001,1.0,10.0,5.0,3302.41455078125,,1000,False,0,0,0
rosenbrock,2,spgd,4,0.001,1.0,10.0,5.0,0.0018790216417983174,0.0018790216417983174,28,True,0,0,0
rosenbrock,2,spgd,5,0.001,1.0,10.0,5.0,1.2929655213156366e-06,1.2929655213156366e-06,146,True,0,0,0
rosenbrock,2,spgd,6,0.001,1.0,10.0,5.0,3.5503024264471605e-05,3.5503024264471605e-05,227,True,0,0,0
rosenbrock,2,spgd,7,0.001,1.0,10.0,5.0,0.0012417868711054325,0.0012417868711054325,22,True,0,0,0
rosenbrock,2,spgd,8,0.001,1.0,10.0,5.0,0.0009258920908905566,0.0009258920908905566,6,True,0,0,0
rosenbrock,2,spgd,9,0.001,1.0,10.0,5.0,0.00016518586198799312,0.00016518586198799312,51,True,0,0,0
rosenbrock,2,spgd,10,0.001,1.0,10.0,5.0,0.005708060692995787,0.005708060692995787,392,True,0,0,0
rosenbrock,2,spgd,11,0.001,1.0,10.0,5.0,0.0005394289037212729,0.0005394289037212729,356,True,0,0,0
rosenbrock,2,spgd,12,0.001,1.0,10.0,5.0,0.010601573623716831,0.010601573623716831,1000,False,0,0,0
rosenbrock,2,spgd,13,0.001,1.0,10.0,5.0,4.97453729622066e-05,4.97453729622066e-05,67,True,0,0,0
rosenbrock,2,spgd,14,0.001,1.0,10.0,5.0,0.0001259064592886716,0.0001259064592886716,212,True,0,0,0
rosenbrock,2,spgd,15,0.001,1.0,10.0,5.0,0.0010441101621836424,0.0010441101621836424,101,True,0,0,0
rosenbrock,2,spgd,16,0.001,1.0,10.0,5.0,0.0009784471476450562,0.0009784471476450562,167,True,0,0,0
rosenbrock,2,spgd,17,0.001,1.0,10.0,5.0,0.0014935755170881748,0.0014935755170881748,101,True,0,0,0
rosenbrock,2,spgd,18,0.001,1.0,10.0,5.0,0.0012094678822904825,0.0012094678822904825,34,True,0,0,0
rosenbrock,2,spgd,19,0.001,1.0,10.0,5.0,0.0002712446148507297,0.0002712446148507297,71,True,0,0,0
rosenbrock,2,spgd,20,0.001,1.0,10.0,5.0,0.0017937348457053304,0.0017937348457053304,447,True,0,0,0
rosenbrock,2,spgd,21,0.001,1.0,10.0,5.0,0.0025877992156893015,0.0025877992156893015,41,True,0,0,0
rosenbrock,2,spgd,22,0.001,1.0,10.0,5.0,0.0016087281983345747,0.0016087281983345747,278,True,0,0,0
rosenbrock,2,spgd,23,0.001,1.0,10.0,5.0,0.00019696298113558441,0.00019696298113558441,27,True,0,0,0
rosenbrock,2,spgd,24,0.001,1.0,10.0,5.0,0.002139283809810877,0.002139283809810877,176,True,0,0,0
rosenbrock,2,spgd,25,0.001,1.0,10.0,5.0,0.002082519931718707,0.002082519931718707,451,True,0,0,0
rosenbrock,2,spgd,26,0.001,1.0,10.0,5.0,0.0010000849142670631,0.0010000849142670631,611,True,0,0,0
rosenbrock,2,spgd,27,0.001,1.0,10.0,5.0,3182.287109375,,1000,False,0,0,0
rosenbrock,2,spgd,28,0.001,1.0,10.0,5.0,0.004620871040970087,0.004620871040970087,157,True,0,0,0
rosenbrock,2,spgd,29,0.001,1.0,10.0,5.0,0.00032970888423733413,0.00032970888423733413,286,True,0,0,0
rosenbrock,10,sgd,0,0.001,,,,3.3373031616210938,3.3373031616210938,1000,False,0,0,0
rosenbrock,10,sgd,1,0.001,,,,2.8290247917175293,2.8290247917175293,1000,False,0,0,0
rosenbrock,10,sgd,2,0.001,,,,3.031144142150879,3.031144142150879,1000,False,0,0,0
rosenbrock,10,sgd,3,0.001,,,,4140.357421875,,1000,False,0,0,0
rosenbrock,10,sgd,4,0.001,,,,8322.1728515625,,1000,False,0,0,0
rosenbrock,10,sgd,5,0.001,,,,3.667637586593628,3.667637586593628,1000,False,0,0,0
rosenbrock,10,sgd,6,0.001,,,,2.5631613731384277,2.5631613731384277,1000,False,0,0,0
rosenbrock,10,sgd,7,0.001,,,,3.3270134925842285,3.3270134925842285,1000,False,0,0,0
rosenbrock,10,sgd,8,0.001,,,,2.1696977615356445,2.1696977615356445,1000,False,0,0,0
rosenbrock,10,sgd,9,0.001,,,,2.877786159515381,2.877786159515381,1000,False,0,0,0
rosenbrock,10,sgd,10,0.001,,,,3.766742706298828,3.766742706298828,1000,False,0,0,0
rosenbrock,10,sgd,11,0.001,,,,4920.271484375,,1000,False,0,0,0
rosenbrock,10,sgd,12,0.001,,,,3.4367799758911133,3.4367799758911133,1000,False,0,0,0
rosenbrock,10,sgd,13,0.001,,,,9954.2998046875,,1000,False,0,0,0
rosenbrock,10,sgd,14,0.001,,,,2.2726879119873047,2.2726879119873047,1000,False,0,0,0
rosenbrock,10,sgd,15,0.001,,,,3.515413761138916,3.515413761138916,1000,False,0,0,0
rosenbrock,10,sgd,16,0.001,,,,7018.623046875,,1000,False,0,0,0
rosenbrock,10,sgd,17,0.001,,,,4.119654178619385,4.119654178619385,1000,False,0,0,0
rosenbrock,10,sgd,18,0.001,,,,3.3362410068511963,3.3362410068511963,1000,False,0,0,0
rosenbrock,10,sgd,19,0.001,,,,0.014378338120877743,0.014378338120877743,1000,False,0,0,0
rosenbrock,10,sgd,20,0.001,,,,3.265406847000122,3.265406847000122,1000,False,0,0,0
rosenbrock,10,sgd,21,0.001,,,,5342.0517578125,,1000,False,0,0,0
rosenbrock,10,sgd,22,0.001,,,,5.226332664489746,5.226332664489746,1000,False,0,0,0
rosenbrock,10,sgd,23,0.001,,,,3.6048381328582764,3.6048381328582764,1000,False,0,0,0
rosenbrock,10,sgd,24,0.001,,,,1.649264931678772,1.649264931678772,1000,False,0,0,0
rosenbrock,10,sgd,25,0.001,,,,2.68942928314209,2.68942928314209,1000,False,0,0,0
rosenbrock,10,sgd,26,0.001,,,,2.3599720001220703,2.3599720001220703,1000,False,0,0,0
rosenbrock,10,sgd,27,0.001,,,,4.827507495880127,4.827507495880127,1000,False,0,0,0
rosenbrock,10,sgd,28,0.001,,,,6985.2373046875,,1000,False,0,0,0
rosenbrock,10,sgd,29,0.001,,,,4.569417476654053,4.569417476654053,1000,False,0,0,0
rosenbrock,10,adam,0,0.01,,,,9.008600234985352,9.008600234985352,1000,False,0,0,0
rosenbrock,10,adam,1,0.01,,,,8.49419116973877,8.49419116973877,1000,False,0,0,0
rosenbrock,10,adam,2,0.01,,,,5.399073600769043,5.399073600769043,1000,False,0,0,0
rosenbrock,10,adam,3,0.01,,,,10.13318157196045,10.13318157196045,1000,False,0,0,0
rosenbrock,10,adam,4,0.01,,,,58.180450439453125,58.180450439453125,1000,False,0,0,0
rosenbrock,10,adam,5,0.01,,,,8.787822723388672,8.787822723388672,1000,False,0,0,0
rosenbrock,10,adam,6,0.01,,,,3.9557297229766846,3.9557297229766846,1000,False,0,0,0
rosenbrock,10,adam,7,0.01,,,,7.623762607574463,7.623762607574463,1000,False,0,0,0
rosenbrock,10,adam,8,0.01,,,,4.820996284484863,4.820996284484863,1000,False,0,0,0
rosenbrock,10,adam,9,0.01,,,,57.870506286621094,57.870506286621094,1000,False,0,0,0
rosenbrock,10,adam,10,0.01,,,,19.11394500732422,19.11394500732422,1000,False,0,0,0
rosenbrock,10,adam,11,0.01,,,,8.850332260131836,8.850332260131836,1000,False,0,0,0
rosenbrock,10,adam,12,0.01,,,,7.805432319641113,7.805432319641113,1000,False,0,0,0
rosenbrock,10,adam,13,0.01,,,,53.417728424072266,53.417728424072266,1000,False,0,0,0
rosenbrock,10,adam,14,0.01,,,,9.766765594482422,9.766765594482422,1000,False,0,0,0
rosenbrock,10,adam,15,0.01,,,,9.554100036621094,9.554100036621094,1000,False,0,0,0
rosenbrock,10,adam,16,0.01,,,,10.33933162689209,10.33933162689209,1000,False,0,0,0
rosenbrock,10,adam,17,0.01,,,,11.103875160217285,11.103875160217285,1000,False,0,0,0
rosenbrock,10,adam,18,0.01,,,,3.6798784732818604,3.6798784732818604,1000,False,0,0,0
rosenbrock,10,adam,19,0.01,,,,6.936596870422363,6.936596870422363,1000,False,0,0,0
rosenbrock,10,adam,20,0.01,,,,8.003142356872559,8.003142356872559,1000,False,0,0,0
rosenbrock,10,adam,21,0.01,,,,9.291924476623535,9.291924476623535,1000,False,0,0,0
rosenbrock,10,adam,22,0.01,,,,10.424446105957031,10.424446105957031,1000,False,0,0,0
rosenbrock,10,adam,23,0.01,,,,8.003251075744629,8.003251075744629,1000,False,0,0,0
rosenbrock,10,adam,24,0.01,,,,45.24649429321289,45.24649429321289,1000,False,0,0,0
rosenbrock,10,adam,25,0.01,,,,8.7999267578125,8.7999267578125,1000,False,0,0,0
rosenbrock,10,adam,26,0.01,,,,10.345329284667969,10.345329284667969,1000,False,0,0,0
rosenbrock,10,adam,27,0.01,,,,8.127745628356934,8.127745628356934,1000,False,0,0,0
rosenbrock,10,adam,28,0.01,,,,7.381035804748535,7.381035804748535,1000,False,0,0,0
rosenbrock,10,adam,29,0.01,,,,4.633846759796143,4.633846759796143,1000,False,0,0,0
rosenbrock,10,pgd,0,0.001,1.0,,5.0,13.364940643310547,45.71261215209961,1000,False,0,0,0
rosenbrock,10,pgd,1,0.001,1.0,,5.0,10.15870475769043,85.96188354492188,1000,False,0,0,0
rosenbrock,10,pgd,2,0.001,1.0,,5.0,13.849390029907227,34.62273025512695,1000,False,0,0,0
rosenbrock,10,pgd,3,0.001,1.0,,5.0,4140.357421875,,1000,False,0,0,0
rosenbrock,10,pgd,4,0.001,1.0,,5.0,8322.1728515625,,1000,False,0,0,0
rosenbrock,10,pgd,5,0.001,1.0,,5.0,10.143237113952637,39.160621643066406,1000,False,0,0,0
rosenbrock,10,pgd,6,0.001,1.0,,5.0,10.424111366271973,40.008949279785156,1000,False,0,0,0
rosenbrock,10,pgd,7,0.001,1.0,,5.0,6.212347984313965,34.334049224853516,1000,False,0,0,0
rosenbrock,10,pgd,8,0.001,1.0,,5.0,6.91198205947876,72.79440307617188,1000,False,0,0,0
rosenbrock,10,pgd,9,0.001,1.0,,5.0,8.545938491821289,61.936439514160156,1000,False,0,0,0
rosenbrock,10,pgd,10,0.001,1.0,,5.0,13.302841186523438,22.070789337158203,1000,False,0,0,0
rosenbrock,10,pgd,11,0.001,1.0,,5.0,4920.271484375,,1000,False,0,0,0
rosenbrock,10,pgd,12,0.001,1.0,,5.0,8.687222480773926,151.1042022705078,1000,False,0,0,0
rosenbrock,10,pgd,13,0.001,1.0,,5.0,9954.2998046875,,1000,False,0,0,0
rosenbrock,10,pgd,14,0.001,1.0,,5.0,6.189886569976807,78.89435577392578,1000,False,0,0,0
rosenbrock,10,pgd,15,0.001,1.0,,5.0,17.061702728271484,23.09601402282715,1000,False,0,0,0
rosenbrock,10,pgd,16,0.001,1.0,,5.0,7018.623046875,,1000,False,0,0,0
rosenbrock,10,pgd,17,0.001,1.0,,5.0,11.046327590942383,31.885160446166992,1000,False,0,0,0
rosenbrock,10,pgd,18,0.001,1.0,,5.0,8.09648609161377,63.00434112548828,1000,False,0,0,0
rosenbrock,10,pgd,19,0.001,1.0,,5.0,14.493022918701172,63.076656341552734,1000,False,0,0,0
rosenbrock,10,pgd,20,0.001,1.0,,5.0,8.306018829345703,26.7468318939209,1000,False,0,0,0
rosenbrock,10,pgd,21,0.001,1.0,,5.0,5342.0517578125,,1000,False,0,0,0
rosenbrock,10,pgd,22,0.001,1.0,,5.0,12.306540489196777,62.088531494140625,1000,False,0,0,0
rosenbrock,10,pgd,23,0.001,1.0,,5.0,8.256302833557129,32.54703903198242,1000,False,0,0,0
rosenbrock,10,pgd,24,0.001,1.0,,5.0,11.949514389038086,31.033353805541992,1000,False,0,0,0
rosenbrock,10,pgd,25,0.001,1.0,,5.0,13.1106538772583,17.72423553466797,1000,False,0,0,0
rosenbrock,10,pgd,26,0.001,1.0,,5.0,12.7682466506958,25.69904136657715,1000,False,0,0,0
rosenbrock,10,pgd,27,0.001,1.0,,5.0,11.953444480895996,58.36893081665039,1000,False,0,0,0
rosenbrock,10,pgd,28,0.001,1.0,,5.0,6985.2373046875,,1000,False,0,0,0
rosenbrock,10,pgd,29,0.001,1.0,,5.0,14.768375396728516,19.55303192138672,1000,False,0,0,0
rosenbrock,10,rpgd,0,0.001,1.0,10.0,5.0,3.3373031616210938,3.3373031616210938,1000,False,0,0,0
rosenbrock,10,rpgd,1,0.001,1.0,10.0,5.0,2.8290247917175293,2.8290247917175293,1000,False,0,0,0
rosenbrock,10,rpgd,2,0.001,1.0,10.0,5.0,3.031144142150879,3.031144142150879,1000,False,0,0,0
rosenbrock,10,rpgd,3,0.001,1.0,10.0,5.0,4140.357421875,,1000,False,0,0,0
rosenbrock,10,rpgd,4,0.001,1.0,10.0,5.0,8322.1728515625,,1000,False,0,0,0
rosenbrock,10,rpgd,5,0.001,1.0,10.0,5.0,3.667637586593628,3.667637586593628,1000,False,0,0,0
rosenbrock,10,rpgd,6,0.001,1.0,10.0,5.0,2.5631613731384277,2.5631613731384277,1000,False,0,0,0
rosenbrock,10,rpgd,7,0.001,1.0,10.0,5.0,3.3270134925842285,3.3270134925842285,1000,False,0,0,0
rosenbrock,10,rpgd,8,0.001,1.0,10.0,5.0,2.1696977615356445,2.1696977615356445,1000,False,0,0,0
rosenbrock,10,rpgd,9,0.001,1.0,10.0,5.0,2.877786159515381,2.877786159515381,1000,False,0,0,0
rosenbrock,10,rpgd,10,0.001,1.0,10.0,5.0,3.766742706298828,3.766742706298828,1000,False,0,0,0
rosenbrock,10,rpgd,11,0.001,1.0,10.0,5.0,4920.271484375,,1000,False,0,0,0
rosenbrock,10,rpgd,12,0.001,1.0,10.0,5.0,3.4367799758911133,3.4367799758911133,1000,False,0,0,0
rosenbrock,10,rpgd,13,0.001,1.0,10.0,5.0,9954.2998046875,,1000,False,0,0,0
rosenbrock,10,rpgd,14,0.001,1.0,10.0,5.0,2.2726879119873047,2.2726879119873047,1000,False,0,0,0
rosenbrock,10,rpgd,15,0.001,1.0,10.0,5.0,3.515413761138916,3.515413761138916,1000,False,0,0,0
rosenbrock,10,rpgd,16,0.001,1.0,10.0,5.0,7018.623046875,,1000,False,0,0,0
rosenbrock,10,rpgd,17,0.001,1.0,10.0,5.0,4.119654178619385,4.119654178619385,1000,False,0,0,0
rosenbrock,10,rpgd,18,0.001,1.0,10.0,5.0,3.3362410068511963,3.3362410068511963,1000,False,0,0,0
rosenbrock,10,rpgd,19,0.001,1.0,10.0,5.0,0.014378338120877743,0.014378338120877743,1000,False,0,0,0
rosenbrock,10,rpgd,20,0.001,1.0,10.0,5.0,3.265406847000122,3.265406847000122,1000,False,0,0,0
rosenbrock,10,rpgd,21,0.001,1.0,10.0,5.0,5342.0517578125,,1000,False,0,0,0
rosenbrock,10,rpgd,22,0.001,1.0,10.0,5.0,5.226332664489746,5.226332664489746,1000,False,0,0,0
rosenbrock,10,rpgd,23,0.001,1.0,10.0,5.0,3.6048381328582764,3.6048381328582764,1000,False,0,0,0
rosenbrock,10,rpgd,24,0.001,1.0,10.0,5.0,1.649264931678772,1.649264931678772,1000,False,0,0,0
rosenbrock,10,rpgd,25,0.001,1.0,10.0,5.0,2.68942928314209,2.68942928314209,1000,False,0,0,0
rosenbrock,10,rpgd,26,0.001,1.0,10.0,5.0,2.3599720001220703,2.3599720001220703,1000,False,0,0,0
rosenbrock,10,rpgd,27,0.001,1.0,10.0,5.0,4.827507495880127,4.827507495880127,1000,False,0,0,0
rosenbrock,10,rpgd,28,0.001,1.0,10.0,5.0,6985.2373046875,,1000,False,0,0,0
rosenbrock,10,rpgd,29,0.001,1.0,10.0,5.0,4.569417476654053,4.569417476654053,1000,False,0,0,0
rosenbrock,10,spgd,0,0.001,1.0,10.0,5.0,3.3373031616210938,3.3373031616210938,1000,False,0,0,0
rosenbrock,10,spgd,1,0.001,1.0,10.0,5.0,2.8290247917175293,2.8290247917175293,1000,False,0,0,0
rosenbrock,10,spgd,2,0.001,1.0,10.0,5.0,3.031144142150879,3.031144142150879,1000,False,0,0,0
rosenbrock,10,spgd,3,0.001,1.0,10.0,5.0,4140.357421875,,1000,False,0,0,0
rosenbrock,10,spgd,4,0.001,1.0,10.0,5.0,8322.1728515625,,1000,False,0,0,0
rosenbrock,10,spgd,5,0.001,1.0,10.0,5.0,3.667637586593628,3.667637586593628,1000,False,0,0,0
rosenbrock,10,spgd,6,0.001,1.0,10.0,5.0,2.5631613731384277,2.5631613731384277,1000,False,0,0,0
rosenbrock,10,spgd,7,0.001,1.0,10.0,5.0,3.3270134925842285,3.3270134925842285,1000,False,0,0,0
rosenbrock,10,spgd,8,0.001,1.0,10.0,5.0,2.1696977615356445,2.1696977615356445,1000,False,0,0,0
rosenbrock,10,spgd,9,0.001,1.0,10.0,5.0,2.877786159515381,2.877786159515381,1000,False,0,0,0
rosenbrock,10,spgd,10,0.001,1.0,10.0,5.0,3.766742706298828,3.766742706298828,1000,False,0,0,0
rosenbrock,10,spgd,11,0.001,1.0,10.0,5.0,4920.271484375,,1000,False,0,0,0
rosenbrock,10,spgd,12,0.001,1.0,10.0,5.0,3.4367799758911133,3.4367799758911133,1000,False,0,0,0
rosenbrock,10,spgd,13,0.001,1.0,10.0,5.0,9954.2998046875,,1000,False,0,0,0
rosenbrock,10,spgd,14,0.001,1.0,10.0,5.0,2.2726879119873047,2.2726879119873047,1000,False,0,0,0
rosenbrock,10,spgd,15,0.001,1.0,10.0,5.0,3.515413761138916,3.515413761138916,1000,False,0,0,0
rosenbrock,10,spgd,16,0.001,1.0,10.0,5.0,7018.623046875,,1000,False,0,0,0
rosenbrock,10,spgd,17,0.001,1.0,10.0,5.0,4.119654178619385,4.119654178619385,1000,False,0,0,0
rosenbrock,10,spgd,18,0.001,1.0,10.0,5.0,3.3362410068511963,3.3362410068511963,1000,False,0,0,0
rosenbrock,10,spgd,19,0.001,1.0,10.0,5.0,0.014378338120877743,0.014378338120877743,1000,False,0,0,0
rosenbrock,10,spgd,20,0.001,1.0,10.0,5.0,3.265406847000122,3.265406847000122,1000,False,0,0,0
rosenbrock,10,spgd,21,0.001,1.0,10.0,5.0,5342.0517578125,,1000,False,0,0,0
rosenbrock,10,spgd,22,0.001,1.0,10.0,5.0,5.226332664489746,5.226332664489746,1000,False,0,0,0
rosenbrock,10,spgd,23,0.001,1.0,10.0,5.0,3.6048381328582764,3.6048381328582764,1000,False,0,0,0
rosenbrock,10,spgd,24,0.001,1.0,10.0,5.0,1.649264931678772,1.649264931678772,1000,False,0,0,0
rosenbrock,10,spgd,25,0.001,1.0,10.0,5.0,2.68942928314209,2.68942928314209,1000,False,0,0,0
rosenbrock,10,spgd,26,0.001,1.0,10.0,5.0,2.3599720001220703,2.3599720001220703,1000,False,0,0,0
rosenbrock,10,spgd,27,0.001,1.0,10.0,5.0,4.827507495880127,4.827507495880127,1000,False,0,0,0
rosenbrock,10,spgd,28,0.001,1.0,10.0,5.0,6985.2373046875,,1000,False,0,0,0
rosenbrock,10,spgd,29,0.001,1.0,10.0,5.0,4.569417476654053,4.569417476654053,1000,False,0,0,0
rosenbrock,50,sgd,0,0.001,,,,23281.125,,1000,False,0,0,0
rosenbrock,50,sgd,1,0.001,,,,16190.2431640625,,1000,False,0,0,0
rosenbrock,50,sgd,2,0.001,,,,12051.1396484375,,1000,False,0,0,0
rosenbrock,50,sgd,3,0.001,,,,26994.767578125,,1000,False,0,0,0
rosenbrock,50,sgd,4,0.001,,,,22254.060546875,,1000,False,0,0,0
rosenbrock,50,sgd,5,0.001,,,,16735.59765625,,1000,False,0,0,0
rosenbrock,50,sgd,6,0.001,,,,42.157814025878906,42.157814025878906,1000,False,0,0,0
rosenbrock,50,sgd,7,0.001,,,,42.92282485961914,42.92282485961914,1000,False,0,0,0
rosenbrock,50,sgd,8,0.001,,,,41.75996398925781,41.75996398925781,1000,False,0,0,0
rosenbrock,50,sgd,9,0.001,,,,42.473297119140625,42.473297119140625,1000,False,0,0,0
rosenbrock,50,sgd,10,0.001,,,,30143.587890625,,1000,False,0,0,0
rosenbrock,50,sgd,11,0.001,,,,10543.30078125,,1000,False,0,0,0
rosenbrock,50,sgd,12,0.001,,,,43.032615661621094,43.032615661621094,1000,False,0,0,0
rosenbrock,50,sgd,13,0.001,,,,25830.724609375,,1000,False,0,0,0
rosenbrock,50,sgd,14,0.001,,,,3867.9013671875,,1000,False,0,0,0
rosenbrock,50,sgd,15,0.001,,,,43.11125564575195,43.11125564575195,1000,False,0,0,0
rosenbrock,50,sgd,16,0.001,,,,31817.66015625,,1000,False,0,0,0
rosenbrock,50,sgd,17,0.001,,,,26878.890625,,1000,False,0,0,0
rosenbrock,50,sgd,18,0.001,,,,42.93205642700195,42.93205642700195,1000,False,0,0,0
rosenbrock,50,sgd,19,0.001,,,,14193.8203125,,1000,False,0,0,0
rosenbrock,50,sgd,20,0.001,,,,42.86119842529297,42.86119842529297,1000,False,0,0,0
rosenbrock,50,sgd,21,0.001,,,,26255.40234375,,1000,False,0,0,0
rosenbrock,50,sgd,22,0.001,,,,44.70702362060547,44.70702362060547,1000,False,0,0,0
rosenbrock,50,sgd,23,0.001,,,,43.20069122314453,43.20069122314453,1000,False,0,0,0
rosenbrock,50,sgd,24,0.001,,,,18142.107421875,,1000,False,0,0,0
rosenbrock,50,sgd,25,0.001,,,,17143.095703125,,1000,False,0,0,0
rosenbrock,50,sgd,26,0.001,,,,5218.0576171875,,1000,False,0,0,0
rosenbrock,50,sgd,27,0.001,,,,9715.1181640625,,1000,False,0,0,0
rosenbrock,50,sgd,28,0.001,,,,22835.77734375,,1000,False,0,0,0
rosenbrock,50,sgd,29,0.001,,,,43.40107345581055,43.40107345581055,1000,False,0,0,0
rosenbrock,50,adam,0,0.01,,,,104.81826782226562,104.81826782226562,1000,False,0,0,0
rosenbrock,50,adam,1,0.01,,,,80.61758422851562,80.61758422851562,1000,False,0,0,0
rosenbrock,50,adam,2,0.01,,,,54.436767578125,54.436767578125,1000,False,0,0,0
rosenbrock,50,adam,3,0.01,,,,62.21036148071289,62.21036148071289,1000,False,0,0,0
rosenbrock,50,adam,4,0.01,,,,156.3480224609375,156.3480224609375,1000,False,0,0,0
rosenbrock,50,adam,5,0.01,,,,128.23727416992188,128.23727416992188,1000,False,0,0,0
rosenbrock,50,adam,6,0.01,,,,98.78038024902344,98.78038024902344,1000,False,0,0,0
rosenbrock,50,adam,7,0.01,,,,157.54356384277344,157.54356384277344,1000,False,0,0,0
rosenbrock,50,adam,8,0.01,,,,56.42704391479492,56.42704391479492,1000,False,0,0,0
rosenbrock,50,adam,9,0.01,,,,148.646484375,148.646484375,1000,False,0,0,0
rosenbrock,50,adam,10,0.01,,,,157.40252685546875,157.40252685546875,1000,False,0,0,0
rosenbrock,50,adam,11,0.01,,,,104.53126525878906,104.53126525878906,1000,False,0,0,0
rosenbrock,50,adam,12,0.01,,,,48.11036682128906,48.11036682128906,1000,False,0,0,0
rosenbrock,50,adam,13,0.01,,,,191.13717651367188,191.13717651367188,1000,False,0,0,0
rosenbrock,50,adam,14,0.01,,,,59.64764404296875,59.64764404296875,1000,False,0,0,0
rosenbrock,50,adam,15,0.01,,,,120.12266540527344,120.12266540527344,1000,False,0,0,0
rosenbrock,50,adam,16,0.01,,,,121.21666717529297,121.21666717529297,1000,False,0,0,0
rosenbrock,50,adam,17,0.01,,,,59.969268798828125,59.969268798828125,1000,False,0,0,0
rosenbrock,50,adam,18,0.01,,,,64.61759948730469,64.61759948730469,1000,False,0,0,0
rosenbrock,50,adam,19,0.01,,,,107.68114471435547,107.68114471435547,1000,False,0,0,0
rosenbrock,50,adam,20,0.01,,,,56.57061004638672,56.57061004638672,1000,False,0,0,0
rosenbrock,50,adam,21,0.01,,,,169.42845153808594,169.42845153808594,1000,False,0,0,0
rosenbrock,50,adam,22,0.01,,,,99.9183578491211,99.9183578491211,1000,False,0,0,0
rosenbrock,50,adam,23,0.01,,,,52.11732864379883,52.11732864379883,1000,False,0,0,0
rosenbrock,50,adam,24,0.01,,,,207.8845977783203,207.8845977783203,1000,False,0,0,0
rosenbrock,50,adam,25,0.01,,,,98.36155700683594,98.36155700683594,1000,False,0,0,0
rosenbrock,50,adam,26,0.01,,,,88.1666259765625,88.1666259765625,1000,False,0,0,0
rosenbrock,50,adam,27,0.01,,,,78.39997100830078,78.39997100830078,1000,False,0,0,0
rosenbrock,50,adam,28,0.01,,,,135.46080017089844,135.46080017089844,1000,False,0,0,0
rosenbrock,50,adam,29,0.01,,,,73.89961242675781,73.89961242675781,1000,False,0,0,0
rosenbrock,50,pgd,0,0.001,1.0,,5.0,23281.125,,1000,False,0,0,0
rosenbrock,50,pgd,1,0.001,1.0,,5.0,16190.2431640625,,1000,False,0,0,0
rosenbrock,50,pgd,2,0.001,1.0,,5.0,12051.1396484375,,1000,False,0,0,0
rosenbrock,50,pgd,3,0.001,1.0,,5.0,26994.767578125,,1000,False,0,0,0
rosenbrock,50,pgd,4,0.001,1.0,,5.0,22254.060546875,,1000,False,0,0,0
rosenbrock,50,pgd,5,0.001,1.0,,5.0,16735.59765625,,1000,False,0,0,0
rosenbrock,50,pgd,6,0.001,1.0,,5.0,166.8477325439453,288.37091064453125,1000,False,0,0,0
rosenbrock,50,pgd,7,0.001,1.0,,5.0,159.6724090576172,267.236083984375,1000,False,0,0,0
rosenbrock,50,pgd,8,0.001,1.0,,5.0,150.6300506591797,223.29701232910156,1000,False,0,0,0
rosenbrock,50,pgd,9,0.001,1.0,,5.0,149.39845275878906,314.70062255859375,1000,False,0,0,0
rosenbrock,50,pgd,10,0.001,1.0,,5.0,30143.587890625,,1000,False,0,0,0
rosenbrock,50,pgd,11,0.001,1.0,,5.0,10543.30078125,,1000,False,0,0,0
rosenbrock,50,pgd,12,0.001,1.0,,5.0,147.66334533691406,237.38400268554688,1000,False,0,0,0
rosenbrock,50,pgd,13,0.001,1.0,,5.0,25830.724609375,,1000,False,0,0,0
rosenbrock,50,pgd,14,0.001,1.0,,5.0,3867.9013671875,,1000,False,0,0,0
rosenbrock,50,pgd,15,0.001,1.0,,5.0,167.36978149414062,193.49847412109375,1000,False,0,0,0
rosenbrock,50,pgd,16,0.001,1.0,,5.0,31817.66015625,,1000,False,0,0,0
rosenbrock,50,pgd,17,0.001,1.0,,5.0,26878.890625,,1000,False,0,0,0
rosenbrock,50,pgd,18,0.001,1.0,,5.0,167.29025268554688,327.68316650390625,1000,False,0,0,0
rosenbrock,50,pgd,19,0.001,1.0,,5.0,14193.8203125,,1000,False,0,0,0
rosenbrock,50,pgd,20,0.001,1.0,,5.0,164.26992797851562,335.09222412109375,1000,False,0,0,0
rosenbrock,50,pgd,21,0.001,1.0,,5.0,26255.40234375,,1000,False,0,0,0
rosenbrock,50,pgd,22,0.001,1.0,,5.0,156.9075469970703,250.85433959960938,1000,False,0,0,0
rosenbrock,50,pgd,23,0.001,1.0,,5.0,160.55625915527344,216.24305725097656,1000,False,0,0,0
rosenbrock,50,pgd,24,0.001,1.0,,5.0,18142.107421875,,1000,False,0,0,0
rosenbrock,50,pgd,25,0.001,1.0,,5.0,17143.095703125,,1000,False,0,0,0
rosenbrock,50,pgd,26,0.001,1.0,,5.0,5218.0576171875,,1000,False,0,0,0
rosenbrock,50,pgd,27,0.001,1.0,,5.0,9715.1181640625,,1000,False,0,0,0
rosenbrock,50,pgd,28,0.001,1.0,,5.0,22835.77734375,,1000,False,0,0,0
rosenbrock,50,pgd,29,0.001,1.0,,5.0,171.0721435546875,231.64129638671875,1000,False,0,0,0
rosenbrock,50,rpgd,0,0.001,1.0,10.0,5.0,23281.125,,1000,False,0,0,0
rosenbrock,50,rpgd,1,0.001,1.0,10.0,5.0,16190.2431640625,,1000,False,0,0,0
rosenbrock,50,rpgd,2,0.001,1.0,10.0,5.0,12051.1396484375,,1000,False,0,0,0
rosenbrock,50,rpgd,3,0.001,1.0,10.0,5.0,26994.767578125,,1000,False,0,0,0
rosenbrock,50,rpgd,4,0.001,1.0,10.0,5.0,22254.060546875,,1000,False,0,0,0
rosenbrock,50,rpgd,5,0.001,1.0,10.0,5.0,16735.59765625,,1000,False,0,0,0
rosenbrock,50,rpgd,6,0.001,1.0,10.0,5.0,42.157814025878906,42.157814025878906,1000,False,0,0,0
rosenbrock,50,rpgd,7,0.001,1.0,10.0,5.0,42.92282485961914,42.92282485961914,1000,False,0,0,0
rosenbrock,50,rpgd,8,0.001,1.0,10.0,5.0,41.75996398925781,41.75996398925781,1000,False,0,0,0
rosenbrock,50,rpgd,9,0.001,1.0,10.0,5.0,42.473297119140625,42.473297119140625,1000,False,0,0,0
rosenbrock,50,rpgd,10,0.001,1.0,10.0,5.0,30143.587890625,,1000,False,0,0,0
rosenbrock,50,rpgd,11,0.001,1.0,10.0,5.0,10543.30078125,,1000,False,0,0,0
rosenbrock,50,rpgd,12,0.001,1.0,10.0,5.0,43.032615661621094,43.032615661621094,1000,False,0,0,0
rosenbrock,50,rpgd,13,0.001,1.0,10.0,5.0,25830.724609375,,1000,False,0,0,0
rosenbrock,50,rpgd,14,0.001,1.0,10.0,5.0,3867.9013671875,,1000,False,0,0,0
rosenbrock,50,rpgd,15,0.001,1.0,10.0,5.0,43.11125564575195,43.11125564575195,1000,False,0,0,0
rosenbrock,50,rpgd,16,0.001,1.0,10.0,5.0,31817.66015625,,1000,False,0,0,0
rosenbrock,50,rpgd,17,0.001,1.0,10.0,5.0,26878.890625,,1000,False,0,0,0
rosenbrock,50,rpgd,18,0.001,1.0,10.0,5.0,42.93205642700195,42.93205642700195,1000,False,0,0,0
rosenbrock,50,rpgd,19,0.001,1.0,10.0,5.0,14193.8203125,,1000,False,0,0,0
rosenbrock,50,rpgd,20,0.001,1.0,10.0,5.0,42.86119842529297,42.86119842529297,1000,False,0,0,0
rosenbrock,50,rpgd,21,0.001,1.0,10.0,5.0,26255.40234375,,1000,False,0,0,0
rosenbrock,50,rpgd,22,0.001,1.0,10.0,5.0,44.70702362060547,44.70702362060547,1000,False,0,0,0
rosenbrock,50,rpgd,23,0.001,1.0,10.0,5.0,43.20069122314453,43.20069122314453,1000,False,0,0,0
rosenbrock,50,rpgd,24,0.001,1.0,10.0,5.0,18142.107421875,,1000,False,0,0,0
rosenbrock,50,rpgd,25,0.001,1.0,10.0,5.0,17143.095703125,,1000,False,0,0,0
rosenbrock,50,rpgd,26,0.001,1.0,10.0,5.0,5218.0576171875,,1000,False,0,0,0
rosenbrock,50,rpgd,27,0.001,1.0,10.0,5.0,9715.1181640625,,1000,False,0,0,0
rosenbrock,50,rpgd,28,0.001,1.0,10.0,5.0,22835.77734375,,1000,False,0,0,0
rosenbrock,50,rpgd,29,0.001,1.0,10.0,5.0,43.40107345581055,43.40107345581055,1000,False,0,0,0
rosenbrock,50,spgd,0,0.001,1.0,10.0,5.0,23281.125,,1000,False,0,0,0
rosenbrock,50,spgd,1,0.001,1.0,10.0,5.0,16190.2431640625,,1000,False,0,0,0
rosenbrock,50,spgd,2,0.001,1.0,10.0,5.0,12051.1396484375,,1000,False,0,0,0
rosenbrock,50,spgd,3,0.001,1.0,10.0,5.0,26994.767578125,,1000,False,0,0,0
rosenbrock,50,spgd,4,0.001,1.0,10.0,5.0,22254.060546875,,1000,False,0,0,0
rosenbrock,50,spgd,5,0.001,1.0,10.0,5.0,16735.59765625,,1000,False,0,0,0
rosenbrock,50,spgd,6,0.001,1.0,10.0,5.0,42.157814025878906,42.157814025878906,1000,False,0,0,0
rosenbrock,50,spgd,7,0.001,1.0,10.0,5.0,42.92282485961914,42.92282485961914,1000,False,0,0,0
rosenbrock,50,spgd,8,0.001,1.0,10.0,5.0,41.75996398925781,41.75996398925781,1000,False,0,0,0
rosenbrock,50,spgd,9,0.001,1.0,10.0,5.0,42.473297119140625,42.473297119140625,1000,False,0,0,0
rosenbrock,50,spgd,10,0.001,1.0,10.0,5.0,30143.587890625,,1000,False,0,0,0
rosenbrock,50,spgd,11,0.001,1.0,10.0,5.0,10543.30078125,,1000,False,0,0,0
rosenbrock,50,spgd,12,0.001,1.0,10.0,5.0,43.032615661621094,43.032615661621094,1000,False,0,0,0
rosenbrock,50,spgd,13,0.001,1.0,10.0,5.0,25830.724609375,,1000,False,0,0,0
rosenbrock,50,spgd,14,0.001,1.0,10.0,5.0,3867.9013671875,,1000,False,0,0,0
rosenbrock,50,spgd,15,0.001,1.0,10.0,5.0,43.11125564575195,43.11125564575195,1000,False,0,0,0
rosenbrock,50,spgd,16,0.001,1.0,10.0,5.0,31817.66015625,,1000,False,0,0,0
rosenbrock,50,spgd,17,0.001,1.0,10.0,5.0,26878.890625,,1000,False,0,0,0
rosenbrock,50,spgd,18,0.001,1.0,10.0,5.0,42.93205642700195,42.93205642700195,1000,False,0,0,0
rosenbrock,50,spgd,19,0.001,1.0,10.0,5.0,14193.8203125,,1000,False,0,0,0
rosenbrock,50,spgd,20,0.001,1.0,10.0,5.0,42.86119842529297,42.86119842529297,1000,False,0,0,0
rosenbrock,50,spgd,21,0.001,1.0,10.0,5.0,26255.40234375,,1000,False,0,0,0
rosenbrock,50,spgd,22,0.001,1.0,10.0,5.0,44.70702362060547,44.70702362060547,1000,False,0,0,0
rosenbrock,50,spgd,23,0.001,1.0,10.0,5.0,43.20069122314453,43.20069122314453,1000,False,0,0,0
rosenbrock,50,spgd,24,0.001,1.0,10.0,5.0,18142.107421875,,1000,False,0,0,0
rosenbrock,50,spgd,25,0.001,1.0,10.0,5.0,17143.095703125,,1000,False,0,0,0
rosenbrock,50,spgd,26,0.001,1.0,10.0,5.0,5218.0576171875,,1000,False,0,0,0
rosenbrock,50,spgd,27,0.001,1.0,10.0,5.0,9715.1181640625,,1000,False,0,0,0
rosenbrock,50,spgd,28,0.001,1.0,10.0,5.0,22835.77734375,,1000,False,0,0,0
rosenbrock,50,spgd,29,0.001,1.0,10.0,5.0,43.40107345581055,43.40107345581055,1000,False,0,0,0
